type,time,Canada,US,Mexico,Rest C.Am.,Brazil,Rest S.Am.,N.Africa,W.Africa,E.Africa,South Africa,W.Europe,C.Europe,Turkey,Ukraine,Stan,Russia,M.East,India,Korea,China,SE.Asia,Indonesia,Japan,Oceania,Rest S.Asia,Rest S.Africa
phs,1971,658.1432805,15455.99856,89.85919797,16.0996777,186.2217641,122.9322715,43.85509856,62.99681519,10.51001189,4.948320242,12333.99122,626.5084161,21.35698533,39.68942903,122.2722394,592.4145272,43.55991612,206.0943755,157.886228,262.2000766,36.94040254,13.26613195,3197.000085,370.7127497,34.06629831,20.23395692
phs,1972,743.9881305,17471.99953,101.5799587,18.19962882,210.5115699,138.966916,49.5753346,71.2138034,11.88088478,5.593754409,13942.77458,708.2269071,24.14267638,44.86631536,138.2207085,669.6860099,49.24166589,232.9762206,178.4800921,296.3999689,41.75872555,14.99650126,3613.999543,419.0665306,38.50974423,22.87316916
phs,1973,829.8329503,19487.99888,113.3007359,20.29958635,234.801368,155.0015496,55.29556022,79.43076373,13.25175526,6.239188523,15551.55222,789.945442,26.92836657,50.04319855,154.169234,746.9574009,54.92339061,259.8580815,199.0739725,330.6000579,46.57704182,16.72686639,4031.000147,467.4204243,42.95317482,25.51237561
phs,1974,915.6777748,21504.0034,125.021474,22.39954205,259.0911435,171.0362048,61.01578449,87.64775127,14.62262549,6.884621262,17160.33229,871.6638891,29.71405986,55.22007728,170.1178368,824.2289794,60.60513079,286.739943,219.6678117,364.7999686,51.39534455,18.45722889,4448.000465,515.7739315,47.39658043,28.15158617
phs,1975,995.7072969,23455.29319,114.7734512,24.11735945,378.2594712,219.888277,62.68534752,97.06869664,21.18627075,60.07825115,18389.07379,1345.193539,58.63678892,50.12516757,154.4218699,748.1811698,76.5423459,297.3076712,210.0628697,399.6021472,56.30385085,22.09653718,4870.50738,574.0168904,51.80755032,71.44992245
phs,1976,1056.17675,25453.92532,131.7237912,28.0221022,438.0954627,234.6946461,73.21140328,104.9795727,21.74677969,101.6182937,19963.08308,1465.07949,83.9885577,52.39338197,161.4095469,782.0366263,91.56810818,314.0240808,217.032445,434.0457808,63.25726792,22.1088685,5289.216314,573.7293168,62.81733148,77.91870576
phs,1977,1107.999992,27447.75131,148.9744773,28.15061374,500.6057788,263.3552591,84.08915759,110.3187975,23.8496969,106.7327892,21538.49305,1584.266773,87.12475945,57.52345476,177.2138638,858.6094201,105.4831632,347.2694336,217.514893,468.4043843,63.53876145,22.20170534,5707.939409,575.5429659,63.13979824,89.99261794
phs,1978,1153.039683,29445.17034,143.7150899,32.53908041,535.8207927,281.2198703,84.29386191,106.4930284,27.90477107,103.865696,23062.85723,1754.277969,92.3933378,64.6677442,199.223483,965.2456717,137.7446221,419.5928942,220.3903144,502.6566335,61.31661955,23.90238606,6126.513733,554.7057362,80.6971627,87.33127038
phs,1979,1216.36401,31431.6828,144.7185689,36.88129897,618.0542938,324.173578,88.88522045,122.7639045,32.59874359,105.5140293,24623.76499,1887.834895,103.5243085,66.63186666,205.2741711,994.563567,139.3607292,423.387521,236.6536061,536.9147716,67.09664894,25.81699573,6545.08134,626.872057,90.6003865,89.64585773
phs,1980,1267.944391,33412.9932,145.2333255,40.73674225,692.4473262,379.6498406,91.40799895,137.0010285,33.06866246,106.8338774,25946.9776,2259.173779,115.6862707,72.50343521,223.3631288,1082.203619,140.5255478,426.5639043,237.3367691,571.1579926,68.72699791,26.49901099,6963.777767,629.2479262,98.54949095,90.5178523
phs,1981,1522.5616,35342.90975,217.1303609,57.3041776,796.3391027,441.4235942,103.9770752,156.3239059,42.94591316,121.0317141,27370.79151,2392.444122,145.8083497,83.21456606,256.3608221,1242.080638,168.9661398,515.025283,286.7832102,1056.902754,94.43117774,39.07966706,8253.049614,710.4359293,116.5509689,102.2639595
phs,1982,1718.356798,37260.09606,245.1287944,64.84580773,977.4437865,554.2668308,117.5250924,178.7619086,52.81406046,137.5474424,28794.03055,2526.805209,186.2070733,93.83957926,289.0934989,1400.672094,197.895857,581.5789015,322.9725613,1542.825687,118.0904355,44.17732074,9544.57641,800.4079296,139.0511123,115.8959286
phs,1983,1928.469417,39204.76748,271.0544428,71.87584435,1168.63503,671.5289155,129.9389326,197.7517157,64.58397781,153.1176006,30338.18929,2540.36535,206.9480233,103.6462316,319.3049993,1547.048935,219.4746096,657.5892225,372.3154561,2028.618218,130.977308,50.09906548,10835.38736,883.0742002,174.3429672,128.6519067
phs,1984,2161.425581,41139.38649,280.2862953,82.51170106,1338.97772,770.3697311,134.3418042,204.5385715,70.06753207,159.3993092,31790.71933,2644.189689,215.0992645,119.2241481,367.2964537,1779.56696,227.6304815,739.8203327,384.188721,2514.580935,177.6452317,56.72479249,12125.81053,911.3001169,215.6712201,133.5572166
phs,1985,2405.70799,43068.91743,320.576619,94.5028011,1503.622819,886.875405,139.7978823,228.0944788,80.78474254,167.0607159,33225.9609,2765.891295,225.0768905,132.0649309,406.8551297,1971.23198,237.6717894,770.8781389,470.3339415,2999.789579,187.3423057,71.04449335,13415.49912,975.6292152,225.3604693,139.5781751
phs,1986,2588.708964,44989.14975,334.8856209,120.7857568,1617.430566,1089.226969,145.9418341,267.3216866,84.69942531,175.599426,34654.21283,2895.209651,236.2027517,139.7764229,430.6121873,2086.335557,274.4614265,814.5230025,527.5662623,3484.976125,228.6609999,101.7814907,14707.02717,1116.100147,256.3916437,146.2949411
phs,1987,2756.089455,46909.19766,347.8399601,131.1510491,1721.165813,1309.478637,151.4737585,277.9146435,92.27706299,183.5321084,36233.36369,2874.451483,327.6808395,148.9614092,458.9083943,2223.432952,360.2281783,846.3662188,614.1705618,3970.20606,238.1626569,106.096358,15997.75027,1157.102373,285.5095314,152.4660288
phs,1988,2805.188157,48843.2934,353.8468434,143.6673366,1891.31368,1338.023069,153.9536763,301.2942369,102.5993719,308.0270684,37735.11744,2928.594534,521.9332645,160.9619447,495.8787837,2402.554259,367.8127796,937.8990857,624.7860658,4455.310546,257.9870719,119.3059283,17286.46596,1233.980059,325.48473,155.6252732
phs,1989,2949.096856,50805.38153,371.7946583,151.5458872,2057.502499,1414.329574,168.0769055,361.9468341,113.2776507,325.7838908,39171.67318,3049.058409,551.6390815,169.1608117,521.1371406,2524.932735,387.9217668,1065.245057,688.3279458,4940.862627,314.3309714,153.417538,18576.29521,1295.007049,359.3388383,164.0827369
phs,1990,3036.969576,52742.98965,382.6582461,156.5930797,2153.665671,1609.900597,173.2922087,373.2671882,117.1082861,337.5438577,38493.73542,5281.296119,571.1499247,233.9537773,579.3461612,2599.246993,400.7727755,1273.399247,799.9095533,5426.762435,345.997667,158.6196085,19867.25404,1348.668159,371.4257293,194.2437881
phs,1991,3024.823734,52544.46992,380.6933814,156.4137912,2273.529954,1758.084996,176.6207186,372.1038624,122.4454807,338.065692,38317.00871,6380.76134,571.625882,262.3521535,576.7899054,2586.449528,400.2460666,1295.840428,796.6960335,6197.591672,345.562962,158.5314367,20285.44831,1400.81449,380.0204712,209.5538178
phs,1992,3119.188007,52373.74365,397.8807397,156.6681212,2342.652775,1786.242388,176.1385356,376.7860214,127.6396919,339.535141,39075.2553,6546.776427,573.7019563,262.3906545,575.809403,2625.510871,400.8224205,1295.724276,795.6663902,6966.955372,346.0800231,202.0224503,20705.39392,1396.14483,422.8796821,209.9362096
phs,1993,3143.361564,52191.92292,393.0439337,162.4146062,2429.595642,1960.918517,172.2492671,369.3973946,133.123526,334.4217246,39926.90879,6621.312298,666.0110756,257.3690632,574.6591949,2637.767806,393.6634491,1270.623422,779.2995227,7736.554851,361.5947007,198.6743266,21124.79652,1434.120725,415.6835824,206.2673548
phs,1994,3133.503034,52018.24581,381.7229672,158.3518519,2453.11452,2105.00365,178.2429582,359.4084255,134.398741,326.8952856,40781.48932,6688.698853,650.6604303,261.115859,610.5065731,2584.617557,383.6858435,1426.188507,757.4387695,8507.12576,420.2837743,193.8941321,21543.55565,1478.19999,456.3663654,201.1094512
phs,1995,3196.838139,51850.32256,403.9909617,158.1516315,2570.72202,2151.977275,182.1127885,363.9677774,136.3935957,327.3198159,40887.85296,7503.499551,682.96293,260.3988437,607.9644708,2571.657758,383.065384,1422.584694,754.0836778,9278.370205,465.0175791,193.8373166,21961.75188,1523.792943,464.5651964,200.8591644
phs,1996,3347.344996,51675.57443,456.3577818,162.8912562,2661.253449,2179.571797,201.5260323,374.300614,142.7864584,323.5882689,41015.88818,8298.260792,769.2291482,256.3832796,597.7290848,2526.179615,377.5890811,1400.958086,741.1974742,10049.13591,492.4968543,191.3207666,22380.41084,1496.211987,458.4641978,198.0630633
phs,1997,3349.145232,51495.40022,456.5990243,172.6175543,2811.00698,2340.063836,209.8232249,374.8151061,143.3122483,325.491734,41756.05944,8480.258447,773.4419051,256.83416,597.9110602,2524.73878,378.6883369,1403.736415,741.2349332,10818.89897,494.5109933,192.134981,22799.68887,1494.759836,460.3483984,198.7152443
phs,1998,3340.875771,51327.11241,455.4662835,172.7139806,2946.584626,2344.152875,211.9499102,374.2240291,143.4866939,326.4399936,42619.16426,8539.550059,810.2679202,339.6143462,596.292317,2515.671767,378.6567706,1431.235743,739.0586044,11591.25799,495.0542798,213.9125128,23222.65822,1488.924274,460.8606012,258.052343
phs,1999,3368.80923,51156.96939,487.2023616,198.6487963,3004.188241,2373.837043,237.3949943,377.6566006,145.2886034,330.9487873,43381.86433,8699.593521,821.1574443,343.2644598,601.1378295,2533.837358,382.7474307,1445.463301,744.8754766,12359.88615,530.9797188,216.5604016,23644.64188,1499.169292,466.402664,285.3603619
phs,2000,3440.831638,50973.97521,490.3861761,203.8012478,3108.222611,2522.132136,235.0928111,376.560696,144.3232079,329.4335751,44632.06118,8372.548563,817.1312733,340.6721197,595.0355963,2505.836847,379.8780833,1433.393174,737.1082199,13129.05841,585.9066955,223.5358334,24062.40797,1481.921565,463.463925,314.5625893
phs,2001,3376.691528,50747.13772,483.8050897,200.7406747,3133.45351,2518.328373,230.6249018,376.2753795,142.3495529,324.8326781,45020.96859,8417.765231,805.4112925,334.8822422,583.3577229,2454.393929,373.4304105,1407.845213,722.4923192,13598.24703,615.2210549,220.1139799,25332.99619,1447.581619,456.1517449,310.2887307
phs,2002,3413.142958,50718.4652,473.6825693,209.99535,3170.673316,2464.418415,224.6447988,380.9142995,139.2145597,318.051506,45419.75719,8453.185829,788.3265785,326.8798595,567.8916512,2391.960103,364.5213348,1373.108445,703.1983791,14069.58424,621.0639496,215.2182271,26601.21001,1407.117007,445.8157476,303.3685758
phs,2003,3382.913339,50489.1776,462.0384074,214.4478579,3244.714625,2398.41625,217.7250485,371.2984122,135.5352734,309.8595213,45832.65047,8503.084323,767.7717284,317.4753309,550.0629947,2374.715208,354.0488588,1373.275961,681.0002919,14539.46664,626.1044577,209.3832225,27920.66712,1365.451074,433.6197349,295.1018498
phs,2004,3278.129625,50482.51904,488.0616775,210.5383088,3194.601961,2418.838089,224.3762884,358.7004735,130.6173951,298.8383213,46414.1175,8481.91296,740.194362,305.2214737,527.3848044,2313.448543,419.8366017,1419.748045,653.2373504,15012.32431,652.676683,201.6450438,29247.28878,1290.693033,424.8311083,295.7524558
phs,2005,3239.462065,50145.65096,475.8561372,208.5535944,3196.083844,2387.214446,218.2565997,348.9706037,127.0460697,290.5789096,47054.85933,8445.995054,719.4615416,295.8477109,509.7819102,2270.257056,459.6800379,1465.20022,631.5678122,15494.01646,645.087764,195.790529,30590.05451,1220.809161,415.7463985,289.1139978
phs,2006,3189.662015,49691.59646,471.2095111,211.0681218,3222.644775,2363.427084,211.1734083,337.8400278,124.0394712,282.5056402,47610.02062,8476.481253,699.0704995,286.7219336,492.6833898,2213.967728,488.0954672,1499.432098,611.149492,15998.36939,641.5165486,190.0807466,31949.13557,1173.171435,404.982063,282.0918046
phs,2007,3108.888573,48765.07911,488.729119,209.8543774,3248.687943,2303.556121,204.0703183,324.9449956,120.4455252,272.8623846,48360.52043,8451.128535,674.6771235,276.0649386,473.0410129,2169.784672,511.5646667,1543.560047,587.3192259,16548.77878,638.4886566,183.3363751,33277.19337,1090.897915,435.4555876,282.2310358
phs,2008,3073.705983,47160.63312,474.7142822,207.5909525,3197.635961,2282.163237,201.2154216,316.9956413,118.4501388,266.1713902,49567.0795,8456.3266,657.1307148,268.414234,458.6370871,2121.835769,520.4424868,1578.822406,573.7240299,17177.01518,681.9203736,178.5702656,34702.48729,1044.018465,433.8154307,278.2497379
phs,2009,3009.373227,44954.68157,461.1032164,202.9666315,3155.802691,2226.943001,195.8579841,308.8012288,196.3036287,259.0945899,50734.34745,8568.422348,637.9087001,260.4150036,467.3106664,2070.505053,509.3912472,1573.375498,557.36806,17995.96608,771.8984563,173.5580511,36187.67662,984.9808275,424.5624473,271.3946223
phs,2010,2935.455505,44194.2127,450.9547206,206.4828461,3134.881898,2197.015244,192.229829,301.8629871,222.7760167,250.6826876,52454.11379,8897.305349,643.5016625,251.1457829,461.5674342,2009.8773,525.7449011,1558.475494,536.6126174,18893.50178,854.1143726,167.6543128,37729.89659,941.2280398,416.3574922,263.0140797
phs,2011,3045.482194,42857.13912,463.0941598,232.591672,3283.06656,2271.332477,198.6916903,310.0588425,243.2236338,257.9401712,55689.24977,9217.312622,712.8172383,259.6790125,483.4643651,2064.708689,552.2517672,1663.294358,576.4564913,22225.34436,1009.526405,171.5785035,38609.0865,929.311189,429.2754976,269.9717204
phs,2012,3108.031879,39922.54029,470.4374377,247.5402442,3407.514415,2315.619506,201.6757601,329.0099315,271.9151315,262.0680382,59329.14222,9653.582424,827.6578948,266.0420303,497.071259,2161.167208,607.6561099,1734.430647,612.5721681,25671.92793,1208.570937,176.2538337,39577.06334,905.5163245,449.8298905,281.0762131
phs,2013,3191.012665,39804.98103,479.9727896,257.8857328,3543.726042,2380.113488,205.643726,354.3867013,283.7203871,268.9681782,62483.34216,10011.97357,957.9949884,277.0333844,507.4371731,2274.084708,650.6810907,1806.804833,631.8337838,29857.01824,1348.717964,221.4472269,42330.69062,875.3583349,478.019106,289.5596473
phs,2014,3332.919078,38901.67345,518.7213796,275.0292223,3726.51964,2477.808002,208.9089291,359.847872,293.6650297,293.2798503,65281.27137,10284.61327,1032.265558,282.119111,520.2268403,2355.289172,689.1706699,1913.774344,654.1946026,34422.39182,1433.166439,225.6054169,46182.90584,847.4712795,495.2854962,312.2965947
phs,2015,3419.898765,39147.64755,534.489211,283.2202458,3838.103854,2665.381028,229.4580045,371.918673,300.3321598,301.8057591,66322.87351,10673.31973,1064.495211,289.7806584,544.2582569,2413.747574,709.0614179,2070.65918,674.3749418,37433.50835,1474.967489,240.5734462,46517.83734,868.8484171,509.3741064,338.0231666
phs,2016,3464.48976,39345.38064,541.7720391,287.9041709,4047.107603,2710.0237,247.8487579,440.5131297,301.9970119,306.7479666,67666.00257,10923.11036,1083.09743,293.9935064,561.985711,2520.262336,720.4874471,2207.398879,682.4057538,40583.1586,1575.564836,252.9717038,47007.78024,877.6061331,546.3818697,358.7180048
phs,2017,3509.107518,38601.85491,549.0985294,292.5910352,4236.251644,2896.506625,251.0309214,513.3944295,313.4713713,313.4377564,68969.06262,11173.96141,1102.027463,299.4993907,576.4493175,2590.402489,732.0037597,2349.507347,690.4396835,43713.52321,1600.943883,267.7185376,47471.77523,882.7396013,562.6272388,398.9964772
phs,2018,3644.762468,37000.27308,570.696629,304.868939,4416.807777,3019.973431,260.7364416,583.8615114,354.2570323,331.2784897,69999.64989,11384.19616,1156.775508,314.2331836,632.0509403,2688.440988,762.7085142,2561.282195,716.4147213,48862.44681,1668.360523,293.7203224,47839.39837,907.8569549,642.1125964,439.5957055
phs,2019,3735.998541,34947.88644,585.360173,313.4434594,4544.705911,3161.73467,267.2659843,656.9382089,382.7366188,348.2297944,71043.56729,11598.01374,1210.087371,326.1347181,677.662848,2839.907129,784.3166447,2753.889886,733.6398456,54042.0812,1801.373756,322.5936727,48212.28461,976.3143763,761.3477237,477.3290114
phs,2020,3814.528595,32746.47394,598.0600291,320.9583557,4788.16583,3335.198887,273.1388337,737.4203482,438.6152198,367.7196157,72130.88217,11813.4545,1264.604909,337.002686,725.1657344,2898.626557,803.4048312,2949.528596,748.2920271,59483.93892,1973.988539,359.2438331,48584.76313,993.2683969,847.1105243,515.8915457
phs,2021,3820.87993,30569.06249,599.4505578,324.1394316,5117.822567,3478.331515,280.6943178,812.9462025,492.0268273,383.3955722,73126.18838,12027.95757,1298.190814,340.9959733,763.1191902,3008.503749,820.7876072,3183.869311,748.6034134,64876.06752,2298.635998,400.4921263,48869.51201,980.4560901,889.4618412,536.4374431
phs,2022,3807.448137,32498.32952,597.8178461,326.7578858,5437.52181,3589.500112,384.0502079,891.9273165,560.1153106,398.2140678,74001.52742,12244.77175,1333.970415,347.5896676,792.345426,3059.493066,1016.317212,3412.307782,745.1318716,70361.17708,2561.346134,450.1153615,49163.41603,965.9692974,932.8488411,555.8619346
phs,2023,3839.270411,33878.09006,603.2827509,333.3088831,5780.622241,3719.433006,414.7016301,992.9162079,628.9120806,417.6531064,74854.41556,12465.49929,1384.918243,357.5596146,831.8904852,3147.839316,1086.517867,3690.784266,750.4800482,76322.80568,2784.301045,513.6488177,49447.95869,969.0438759,991.4330167,582.2158929
phs,2024,3860.659792,34700.42415,607.1183146,339.0550645,6151.131592,3916.294916,448.46889,1098.093257,666.6693884,436.3699283,75662.66577,12688.91222,1427.996969,366.3640172,863.5599502,3229.353286,1131.133498,3969.433725,753.6931443,82747.53333,3032.329198,583.6253518,49711.66778,973.9054044,1052.196267,607.9802159
phs,2025,3900.715244,35174.8248,613.8838756,346.8217527,6356.762533,4134.473585,487.891504,1217.936318,730.9003231,457.4420922,76406.82806,12916.01768,1481.521877,376.9688735,900.259768,3327.997853,1182.215246,4278.080553,760.4928049,89608.64697,3310.551649,662.0712034,49979.85388,986.5227454,1126.594286,638.2672951
phs,2026,3925.772226,35480.69104,618.8006381,353.4002623,6555.741691,4389.955564,521.9293101,1356.542795,797.5272004,478.1202707,77025.09576,13146.34898,1535.928798,386.1099666,935.0297847,3421.166568,1222.074233,4625.676712,764.3230796,96902.55745,3585.386581,741.4175643,50226.60363,996.5055871,1207.892238,667.9800547
phs,2027,3945.517221,35715.28883,645.2206102,359.6081965,6739.025692,4654.145551,555.4659194,1503.457103,872.8392187,499.3033402,77555.8552,13381.70155,1589.732792,394.8198587,968.4722466,3510.649967,1260.885566,4985.016523,767.0379164,104211.2153,3867.660715,823.5788832,50460.46153,1007.097479,1297.568514,698.029469
phs,2028,3968.895755,36043.40224,677.1434936,366.2648007,7013.865568,4797.924282,590.5850936,1663.22233,937.3410164,521.9939221,77941.92915,13622.15942,1650.299974,404.0333488,1000.755655,3606.788818,1301.452171,5374.688546,769.9297808,111078.0172,4173.910002,915.4292207,50679.61836,1018.286471,1399.066888,731.8479889
phs,2029,3995.722248,36504.89043,709.0415754,373.4034929,7243.866939,4947.757343,629.4967949,1839.988652,1007.523491,547.694394,77751.18251,14199.92648,1718.991959,413.7350573,1034.296476,3707.64217,1343.832439,5808.288036,773.1286691,117671.1016,4493.599806,1008.058222,50870.20071,1032.689674,1512.843872,770.6910388
phs,2030,4022.24734,37192.22388,721.8257028,380.719902,7471.941096,5099.89011,674.6309772,2033.659663,1078.239321,576.7989054,76990.51112,15038.22659,1813.105687,423.5821421,1067.015534,3811.210428,1386.979039,6292.620417,776.0952639,124435.6522,4826.668756,1105.507993,51008.06873,1049.661864,1637.867483,814.9609634
phs,2031,3999.275453,37917.36807,725.5546866,395.1790852,7587.541692,5185.921783,710.9927116,2232.019159,1144.981618,602.3324658,76332.90045,15730.42254,1932.243604,428.4397777,1083.657156,3873.879386,1406.679407,6704.301847,769.6383956,129169.5525,5100.03303,1187.408383,50099.05481,1055.971855,1736.636848,850.1114799
phs,2032,4070.428877,38527.95807,729.2623074,425.0583481,7703.328449,5271.909789,754.2809937,2452.730355,1210.04988,632.7680989,78906.1424,16356.88646,2105.574083,433.099358,1098.169355,3936.262804,1426.363582,7164.102147,762.7431084,133726.3083,5368.708745,1273.007769,49151.79279,1062.856835,1841.144277,889.4132117
phs,2033,4148.277919,39092.29206,732.9353451,458.8132474,7819.328677,5357.624444,807.8210085,2705.764749,1283.489743,671.0005358,83471.43972,16957.51562,2341.21597,437.320812,1115.733288,3918.344719,1446.015592,7682.56372,754.9701457,141511.237,5633.622194,1365.774007,52346.06845,1071.348134,1960.793825,935.2696932
phs,2034,4225.170367,39581.43201,736.5923146,495.0816175,7935.836875,5443.57116,869.0297905,2987.833772,1358.1366,716.0560109,88730.2901,17657.85198,2629.821793,441.4989367,1131.534359,3899.937296,1465.686694,8255.546919,745.725206,152534.0294,5904.732793,1444.590817,57405.96786,1085.338389,2088.342739,986.6580623
phs,2035,4362.853729,39996.22161,740.2583358,524.8878525,8052.555613,5529.656597,935.2259518,3295.995177,1439.057697,745.1167086,95063.29771,18369.77364,2932.897603,445.5999009,1148.999002,3880.647137,1485.352952,8879.02525,736.5410144,166920.6276,6179.257107,1507.967448,64081.78666,1118.766456,2216.056271,1043.677225
phs,2036,4496.403677,40335.172,743.639183,552.8165125,8143.670564,5617.751509,999.6070456,3629.991873,1523.000935,764.9150606,102631.9843,18632.91471,3116.57641,449.2993665,1165.308317,3941.764712,1496.44018,9625.244152,731.2284755,183931.0908,6457.239641,1567.108113,64616.44331,1214.730239,2341.35118,1104.2326
phs,2037,4648.898583,40598.28232,747.1617074,583.335073,8234.936647,5705.666559,1067.264072,3930.762753,1611.536715,786.5083689,106504.0426,18890.00401,3212.628341,453.0418443,1183.816474,4092.750133,1507.496731,10344.12828,841.3999797,202777.6231,6741.731728,1618.278431,65658.85497,1330.900624,2467.019081,1168.171758
phs,2038,4794.988301,41844.08353,750.8806163,687.5477919,8326.318702,5793.750712,1138.03926,4154.874476,1702.762307,808.3288106,108927.9041,18957.80892,3285.682434,457.0344403,1196.37246,4262.053655,1518.557319,10905.15478,880.6642193,222211.4963,7060.159554,1660.290682,65997.48433,1462.401831,2603.606686,1234.370138
phs,2039,4944.789049,44626.94234,754.8301813,848.5970204,8417.714055,5884.866715,1175.761227,4388.64534,1795.001785,829.40342,110581.1574,19064.30788,3339.411792,461.4115801,1207.07214,4320.629095,1530.676763,11457.89248,904.8775532,238434.9023,7374.046571,1694.162232,66849.88066,1609.079498,2741.200137,1306.338949
phs,2040,5101.114466,47901.50791,759.0188756,984.4861442,8508.997437,5981.244919,1211.519756,4629.788934,1877.56463,848.5418338,112502.9715,19205.9753,3382.941942,466.0293996,1197.972336,4330.958912,1544.166366,12005.28192,939.1122007,251617.0441,7700.176422,1723.486264,68076.30386,1772.797656,2892.389359,1387.790514
phs,2041,5118.983352,51755.86213,785.4804581,1117.986561,8541.580922,6040.204623,1250.996117,4837.831409,1911.875045,857.77501,114987.1269,19221.49846,3431.976762,465.8009607,1218.694138,4415.918201,1550.74855,12181.43936,980.6193847,261931.3762,8000.271155,1794.089693,69351.6329,1974.383182,3053.28254,1469.145967
phs,2042,5136.261236,55476.07926,910.067119,1232.800962,8573.96004,6099.846389,1298.694628,5050.839781,1942.380247,866.9811122,118478.7953,19227.31671,3481.756442,465.6155461,1241.250512,4459.79559,1560.892884,12361.56387,1028.332586,270370.0555,8316.279441,1863.83241,70677.65247,2248.411504,3227.673097,1564.232753
phs,2043,5149.097145,60459.04888,1051.776773,1310.092811,8606.197386,6159.312365,1344.408259,5260.613645,1958.391033,874.8233189,122866.8872,19205.2013,3519.410611,465.6023257,1253.616674,4503.287665,1572.751217,12533.29163,1078.82371,276638.9188,8623.377623,1926.368501,71953.30482,2574.209786,3391.714477,1668.911748
phs,2044,5186.95519,67123.46774,1205.034216,1406.759492,8638.367227,6218.074874,1371.256286,5476.460933,1973.368329,881.4913208,129750.148,19370.57781,3554.265591,465.807559,1272.737301,4546.335106,1585.09435,12689.66076,1128.873632,281425.6409,8916.85434,1982.918777,73314.14407,2933.102075,3544.735384,1782.276849
phs,2045,5229.082505,75720.26264,1370.249796,1515.509013,8670.212249,6276.155041,1397.32491,5706.96761,2000.474099,888.0808857,135550.7561,19727.50527,3587.358213,465.9002011,1304.828779,4526.730897,1598.58581,12832.38007,1184.6605,285147.2364,9194.43652,2035.043847,74877.31648,3287.842586,3693.729821,1848.68667
phs,2046,5276.330274,85939.19862,1548.748868,1645.260173,8702.034137,6581.320055,1422.064919,5903.061922,2041.877582,895.4488416,144918.6205,20122.68493,3622.04155,465.9137106,1353.527152,4537.31947,1613.327102,12980.7131,1234.127035,288677.3057,9470.56834,2088.742044,76323.03907,3626.172276,3849.986498,1899.053496
phs,2047,5329.6961,97771.60764,1737.337722,1787.538808,8733.920297,6966.5428,1456.28388,6111.250232,2096.718342,910.060571,161242.6671,20506.34677,3657.255697,465.897007,1415.404616,4674.967058,1628.400752,13115.89552,1267.884646,291562.0819,9710.901105,2139.417316,77742.53161,3884.231359,4003.554399,1952.898936
phs,2048,5393.06178,111872.1149,1973.850631,1949.504665,8765.848566,7334.765112,1530.278806,6329.209222,2162.760203,949.6593781,180156.5961,20887.12933,3697.739724,465.8103611,1487.93036,4720.099908,1643.386142,13239.88324,1280.661263,294455.0833,9904.704955,2188.837072,79167.32468,3982.237048,4155.973269,2010.289225
phs,2049,5467.969291,124185.0148,2204.342622,2121.210655,8797.874068,7673.400628,1585.854583,6552.383946,2235.950833,990.3172555,198205.2664,21240.93073,3742.88993,465.6849163,1562.663273,4765.119425,1658.755494,13345.65825,1264.626921,297444.8483,10049.74719,2237.138303,80604.05055,4046.597458,4304.67995,2071.195543
phs,2050,5549.06686,132891.1009,2412.661882,2290.716262,8830.052551,7965.698266,1617.226418,6775.558627,2315.802372,994.6624466,212774.282,21531.09573,3787.859191,465.7043751,1623.492107,4812.181183,1673.329612,13481.14254,1268.771353,299959.749,10133.04552,2281.798472,81923.97799,4079.905861,4400.476659,2134.140322
evs,1971,0,0,0,0,0,0,0,0,0,0,0,0,0,0,0,0,0,0,0,0,0,0,0,0,0,0
evs,1972,0,0,0,0,0,0,0,0,0,0,0,0,0,0,0,0,0,0,0,0,0,0,0,0,0,0
evs,1973,0,0,0,0,0,0,0,0,0,0,0,0,0,0,0,0,0,0,0,0,0,0,0,0,0,0
evs,1974,0,0,0,0,0,0,0,0,0,0,0,0,0,0,0,0,0,0,0,0,0,0,0,0,0,0
evs,1975,0,0,0,0,0,0,0,0,0,0,0,0,0,0,0,0,0,0,0,0,0,0,0,0,0,0
evs,1976,0,0,0,0,0,0,0,0,0,0,0,0,0,0,0,0,0,0,0,0,0,0,0,0,0,0
evs,1977,0,0,0,0,0,0,0,0,0,0,0,0,0,0,0,0,0,0,0,0,0,0,0,0,0,0
evs,1978,0,0,0,0,0,0,0,0,0,0,0,0,0,0,0,0,0,0,0,0,0,0,0,0,0,0
evs,1979,0,0,0,0,0,0,0,0,0,0,0,0,0,0,0,0,0,0,0,0,0,0,0,0,0,0
evs,1980,0,0,0,0,0,0,0,0,0,0,0,0,0,0,0,0,0,0,0,0,0,0,0,0,0,0
evs,1981,0,0,0,0,0,0,0,0,0,0,0,0,0,0,0,0,0,0,0,0,0,0,0,0,0,0
evs,1982,0,0,0,0,0,0,0,0,0,0,0,0,0,0,0,0,0,0,0,0,0,0,0,0,0,0
evs,1983,0,0,0,0,0,0,0,0,0,0,0,0,0,0,0,0,0,0,0,0,0,0,0,0,0,0
evs,1984,0,0,0,0,0,0,0,0,0,0,0,0,0,0,0,0,0,0,0,0,0,0,0,0,0,0
evs,1985,0,0,0,0,0,0,0,0,0,0,0,0,0,0,0,0,0,0,0,0,0,0,0,0,0,0
evs,1986,0,0,0,0,0,0,0,0,0,0,0,0,0,0,0,0,0,0,0,0,0,0,0,0,0,0
evs,1987,0,0,0,0,0,0,0,0,0,0,0,0,0,0,0,0,0,0,0,0,0,0,0,0,0,0
evs,1988,0,0,0,0,0,0,0,0,0,0,0,0,0,0,0,0,0,0,0,0,0,0,0,0,0,0
evs,1989,0,0,0,0,0,0,0,0,0,0,0,0,0,0,0,0,0,0,0,0,0,0,0,0,0,0
evs,1990,0,0,0,0,0,0,0,0,0,0,0,0,0,0,0,0,0,0,0,0,0,0,0,0,0,0
evs,1991,0,0,0,0,0,0,0,0,0,0,0,0,0,0,0,0,0,0,0,0,0,0,0,0,0,0
evs,1992,0,0,0,0,0,0,0,0,0,0,0,0,0,0,0,0,0,0,0,0,0,0,0,0,0,0
evs,1993,0,0,0,0,0,0,0,0,0,0,0,0,0,0,0,0,0,0,0,0,0,0,0,0,0,0
evs,1994,0,0,0,0,0,0,0,0,0,0,0,0,0,0,0,0,0,0,0,0,0,0,0,0,0,0
evs,1995,0,0,0,0,0,0,0,0,0,0,0,0,0,0,0,0,0,0,0,0,0,0,0,0,0,0
evs,1996,0,0,0,0,0,0,0,0,0,0,0,0,0,0,0,0,0,0,0,0,0,0,0,0,0,0
evs,1997,0,0,0,0,0,0,0,0,0,0,0,0,0,0,0,0,0,0,0,0,0,0,0,0,0,0
evs,1998,0,0,0,0,0,0,0,0,0,0,0,0,0,0,0,0,0,0,0,0,0,0,0,0,0,0
evs,1999,0,0,0,0,0,0,0,0,0,0,0,0,0,0,0,0,0,0,0,0,0,0,0,0,0,0
evs,2000,0,0,0,0,0,0,0,0,0,0,0,0,0,0,0,0,0,0,0,0,0,0,0,0,0,0
evs,2001,0,0,0,0,0,0,0,0,0,0,0,0,0,0,0,0,0,0,0,0,0,0,0,0,0,0
evs,2002,0,0,0,0,0,0,0,0,0,0,0,0,0,0,0,0,0,0,0,0,0,0,0,0,0,0
evs,2003,0,0,0,0,0,0,0,0,0,0,0,0,0,0,0,0,0,0,0,0,0,0,0,0,0,0
evs,2004,0,0,0,0,0,0,0,0,0,0,0,0,0,0,0,0,0,0,0,0,0,0,0,0,0,0
evs,2005,0,0,0,0,0,0,0,0,0,0,0,0,0,0,0,0,0,0,0,0,0,0,0,0,0,0
evs,2006,0,0,0,0,0,0,0,0,0,0,0,0,0,0,0,0,0,0,0,0,0,0,0,0,0,0
evs,2007,0,0,0,0,0,0,0,0,0,0,0,0,0,0,0,0,0,0,0,0,0,0,0,0,0,0
evs,2008,0,0,0,0,0,0,0,0,0,0,0,0,0,0,0,0,0,0,0,0,0,0,0,0,0,0
evs,2009,0,0,0,0,0,0,0,0,0,0,0,0,0,0,0,0,0,0,0,0,0,0,0,0,0,0
evs,2010,0,0,0,0,0,0,0,0,0,0,0,0,0,0,0,0,0,0,0,0,0,0,0,0,0,0
evs,2011,0,0,0,0,0,0,0,0,0,0,0,0,0,0,0,0,0,0,0,0,0,0,0,0,0,0
evs,2012,0,0,0,0,0,0,0,0,0,0,0,0,0,0,0,0,0,0,0,0,0,0,0,0,0,0
evs,2013,0,0,0,0,0,0,0,0,0,0,0,0,0,0,0,0,0,0,0,0,0,0,0,0,0,0
evs,2014,0,0,0,0,0,0,0,0,0,0,0,0,0,0,0,0,0,0,0,0,0,0,0,0,0,0
evs,2015,0,0,0,0,0,0,0,0,0,0,0,0,0,0,0,0,0,0,0,0,0,0,0,0,0,0
evs,2016,0,0,0,0,0,0,0,0,0,0,0,0,0,0,0,0,0,0,0,0,0,0,0,0,0,0
evs,2017,0,0,0,0,0,0,0,0,0,0,0,0,0,0,0,0,0,0,0,0,0,0,0,0,0,0
evs,2018,0,0,0,0,0,0,0,0,0,0,0,0,0,0,0,0,0,0,0,0,0,0,0,0,0,0
evs,2019,0,0,0,0,0,0,0,0,0,0,0,0,0,0,0,0,0,0,0,0,0,0,0,0,0,0
evs,2020,0,0,0,0,0,0,0,0,0,0,0,0,0,0,0,0,0,0,0,0,0,0,0,0,0,0
evs,2021,0,0,0,0,0,0,0,0,0,0,0,0,0,0,0,0,0,0,0,0,0,0,0,0,0,0
evs,2022,0,0,0,0,0,0,0,0,0,0,0,0,0,0,0,0,0,0,0,0,0,0,0,0,0,0
evs,2023,0,0,0,0,0,0,0,0,0,0,0,0,0,0,0,0,0,0,0,0,0,0,0,0,0,0
evs,2024,0,0,0,0,0,0,0,0,0,0,0,0,0,0,0,0,0,0,0,0,0,0,0,0,0,0
evs,2025,4.527088565,13.18813722,0.005227932,2.67E-06,0.311054236,3.07E-07,1.17E-09,1.73E-12,6.45E-13,4.89E-05,16.58871151,0.005117888,1.45E-08,2.25E-06,3.15E-10,0.000734153,2.10E-14,1.61E-07,0.015329198,0.014769142,3.22E-07,5.97E-06,1.762475975,0.120705473,1.01E-15,6.61E-08
evs,2026,17.9693993,48.82757825,0.029083616,2.86E-05,1.481515372,3.95E-06,7.26E-08,4.31E-11,1.13E-11,0.000314948,61.21722405,0.030037143,2.42E-07,2.14E-05,6.19E-09,0.004849238,1.51E-12,1.91E-06,0.081090111,0.081220886,3.59E-06,6.31E-05,6.623867299,0.555377865,3.34E-14,5.82E-07
evs,2027,50.53867453,128.7844694,0.101510189,0.000173978,4.887718128,2.79E-05,1.66E-06,5.48E-10,1.03E-10,0.001303794,164.2215927,0.114294613,2.02E-06,0.000116906,5.93E-08,0.020066165,3.37E-11,1.27E-05,0.278285254,0.284967162,2.29E-05,0.00038353,17.76308116,1.757305875,5.14E-13,3.07E-06
evs,2028,122.4792134,294.812376,0.303440476,0.000877941,13.61388955,0.000167118,2.84E-05,5.89E-09,7.77E-10,0.004643706,386.5995414,0.368676003,1.31E-05,0.00053118,4.74E-07,0.071213906,6.29E-10,7.11E-05,0.809743549,0.837928955,0.000123452,0.001974124,41.68390687,4.824128173,6.88E-12,1.36E-05
evs,2029,271.4755703,627.3302648,0.850815911,0.003877447,34.93213833,0.0009281,0.000354832,5.62E-08,5.42E-09,0.015226599,845.3499838,1.076219526,7.88E-05,0.002175634,3.34E-06,0.231825374,1.00E-08,0.000366967,2.115914555,2.216969543,0.000590746,0.009249374,91.58617458,12.16287481,8.44E-11,5.47E-05
evs,2030,595.6452118,1315.963531,2.532620597,0.016925237,89.5724634,0.005077495,0.003779451,4.84E-07,3.40E-08,0.04871389,1842.577699,3.0849963,0.000441566,0.008818534,2.23E-05,0.748296959,1.42E-07,0.001820524,5.438436583,5.60116899,0.00282452,0.041239962,198.1812962,30.1536356,9.30E-10,0.00021553
evs,2031,1126.665111,2400.72734,6.474136354,0.057548207,189.2424167,0.020732008,0.018678296,2.67E-06,1.53E-07,0.128814655,3471.619804,7.383690262,0.001832374,0.028379512,0.000101445,1.985987678,1.17E-06,0.006971611,11.893969,13.02640288,0.010124955,0.143825431,367.3702325,68.12949138,6.33E-09,0.000651976
evs,2032,1956.231992,4064.203743,14.40944011,0.160568562,364.1191886,0.068521817,0.069330297,1.06E-05,5.19E-07,0.296259624,6048.77433,15.75915213,0.005984216,0.07628632,0.000353771,4.527757287,5.79E-06,0.021945993,23.29825263,27.78472164,0.029433509,0.411866799,624.0089786,137.3552698,3.04E-08,0.001614268
evs,2033,3210.013267,6530.772502,29.77686618,0.410430594,669.4832606,0.208987505,0.234687641,3.68E-05,1.61E-06,0.63936394,10030.0934,31.74163735,0.018284763,0.188202721,0.001145475,9.543765819,2.44E-05,0.064882872,42.48617413,57.95991132,0.079835493,1.078712933,999.699391,259.2198108,1.31E-07,0.003610404
evs,2034,5050.833273,10124.9647,59.12593385,0.986992099,1177.296335,0.600465985,0.736227874,0.000117567,4.76E-06,1.321403645,16092.36445,61.3386846,0.05385239,0.438857291,0.00353215,19.12718995,9.36E-05,0.183086983,72.88258258,119.8936252,0.207619105,2.680561419,1529.813693,467.3166874,5.30E-07,0.007534433
evs,2035,7694.271735,15294.25259,114.3713104,2.276477012,2018.426206,1.634311835,1.96144592,0.000348554,1.31E-05,2.621884564,25209.86389,114.6431545,0.153540324,0.9794988,0.010490807,36.78336941,0.000334732,0.488064252,119.6557919,246.4535652,0.52080966,6.365185385,2273.156654,830.7075366,2.02E-06,0.014879049
evs,2036,11417.67895,22571.54744,218.786863,5.040124347,3364.469651,4.200141853,4.63265038,0.000966275,3.53E-05,5.049691974,38611.62504,208.6964767,0.41940197,2.105148606,0.029253871,69.24276106,0.001115043,1.235005307,188.0047649,494.9393962,1.22922328,14.46925711,3328.710918,1409.727322,7.36E-06,0.02863463
evs,2037,16617.24139,32810.57623,413.1376171,10.73907329,5429.507081,10.32763532,10.23212083,0.002568997,9.29E-05,9.511537874,58230.98076,373.4820521,1.110747646,4.420169253,0.078541883,126.7177141,0.003615697,3.001625781,288.1827496,974.1240702,2.86268044,31.86395214,4879.639051,2325.029988,2.61E-05,0.054592823
evs,2038,23812.8155,47120.17906,766.6163083,22.00716653,8509.00212,24.23707204,21.56814703,0.006577851,0.000242413,17.45545702,86873.32587,654.5159764,2.821568003,9.042629677,0.203805974,227.9514402,0.01155842,7.006848428,434.6419269,1875.357755,6.567817913,68.0475035,7147.236488,3780.323554,8.95E-05,0.103317797
evs,2039,33594.88926,66803.52906,1384.755903,43.31743016,13041.04097,54.44140742,43.520337,0.016274761,0.000624812,31.1181773,127855.4674,1126.913284,6.772502261,17.93028838,0.510007639,403.8243905,0.036259437,15.72275902,653.5681342,3509.438634,14.73064317,139.8831839,10459.47396,5988.117732,0.000294858,0.193839239
evs,2040,46647.7587,93516.84086,2418.724566,82.1847873,19435.26481,117.4631437,84.17720922,0.038968203,0.001585429,53.67773889,184703.8501,1906.122311,15.56297271,34.45187248,1.226554499,703.4074299,0.111383486,33.89902168,982.3700047,6330.698101,32.13243223,277.4219745,15336.81813,9213.306173,0.000931387,0.360165416
evs,2041,59935.93876,121313.067,3843.598286,141.9598154,26457.53846,228.9737569,147.2444722,0.084827746,0.003733424,84.08411887,246457.4422,2952.729574,32.052644,60.05373845,2.62232178,1120.784475,0.313077723,65.69958796,1383.364525,10273.74277,63.72202517,496.4178893,21121.35551,13002.41345,0.002609486,0.626584172
evs,2042,76427.98806,156120.8153,5939.178789,244.1588535,35337.69088,444.4320308,254.2562115,0.188301216,0.009182598,129.7312398,324959.8564,4495.731043,65.36664172,103.2419649,5.557691868,1760.2774,0.95832248,126.3430806,1962.245859,16280.52927,126.4689845,877.2289212,28575.25594,18037.61503,0.007434983,1.113290984
evs,2043,96507.22657,198901.8433,8947.336707,416.6330203,46231.20087,851.0324698,430.1177454,0.419197184,0.022649208,197.3486373,422339.1866,6716.93907,130.4214546,174.752052,11.46312594,2727.46346,2.925220282,239.3338233,2781.394911,25217.0644,247.3816234,1526.159881,38343.53033,24598.34433,0.020906387,1.993844602
evs,2044,120772.9203,251092.384,13169.09918,706.092909,59210.34661,1602.880771,713.6198778,0.929496962,0.056156469,297.0937127,541773.4948,9863.352735,254.743443,291.4948981,23.03605451,4172.300765,8.623723062,443.923731,3918.646952,38296.43186,478.6160451,2624.727026,51031.60619,32975.64294,0.057752923,3.579837335
evs,2045,150070.3046,315170.7668,18992.23459,1196.086466,73893.95363,2969.320346,1161.051501,2.051064147,0.138696499,444.4097773,687442.3481,14243.62938,488.308435,478.0823545,45.17770608,6263.589414,24.29919909,813.1723393,5474.901089,57204.55016,916.7329594,4474.309385,67173.28031,43510.97964,0.157290831,6.445875492
evs,2046,183243.0651,387910.2021,26117.47372,1913.594259,91528.82434,5061.244603,1765.912352,4.01026459,0.295052773,634.1244399,852881.5313,19660.32024,853.3313527,735.6153941,79.36863443,8970.376073,57.22949961,1369.273144,7375.782741,81284.56607,1605.335879,7144.025445,86006.09481,55740.45029,0.359456378,10.7872542
evs,2047,222012.246,474402.4931,35506.27519,3143.775617,114473.5976,8810.055794,2653.921318,8.561105972,0.694748649,907.4045041,1041515.584,26782.69935,1531.361485,1141.74959,145.770909,12817.4558,155.3082952,2362.114492,9873.331073,114517.8875,2906.031104,11557.19158,108763.6803,70326.94074,0.91226193,18.86646936
evs,2048,266080.3525,575029.7958,47223.34672,5164.059231,143321.2121,15229.10734,3930.996709,18.45866112,1.69792099,1299.635855,1252780.561,35848.1785,2751.694795,1760.864334,266.605354,18016.29714,422.9688369,4099.076353,13010.96126,159261.0206,5313.975261,18710.61172,134651.2114,87187.79484,2.385821004,33.75589691
evs,2049,316164.7542,689372.7983,61672.38376,8343.720217,179702.8335,25709.9549,5767.102958,39.64618495,4.107960213,1848.138394,1485988.466,47243.80569,4858.046144,2678.506542,480.383216,24964.07303,1091.811327,7041.994301,16890.4231,217628.4097,9620.897315,29932.78749,164548.2933,106545.6333,6.124918037,60.60151346
evs,2050,372023.4551,815005.7601,79201.79864,13151.24232,224883.7836,41926.49228,8366.797076,83.07186154,9.6402797,2593.761705,1739229.584,61199.33698,8325.27998,3997.376205,846.6571437,34041.55956,2622.370679,11855.17506,21561.58199,291383.2227,17029.45776,46854.99359,198517.3167,128534.0518,15.12446979,107.7805852
oth,1971,0,0,0,0,0,0,3.869141436,0,0,282.7867798,0,0,15.74809467,383.671171,0,814.8864728,75.02448388,0,0,0,0,0,0,0,0,0
oth,1972,0,0,0,0,0,0,2.6087954,0,0,299.8218456,0,0,18.20143362,390.8986846,0,808.9299901,93.62073411,0,0,0,0,0,0,0,0,7.661150838
oth,1973,0,0,0,0,0,0,3.123749782,0,0,302.7940115,0,0,21.02135343,415.1242015,0,861.5175991,109.4840094,0,0,0,0,0,0,0,0,10.02487439
oth,1974,0,0,0,0,0,0,9.098305507,0,0,334.9482787,0,0,24.47200014,435.6876227,0,892.6280206,133.9495692,0,0,0,0,0,0,0,0,22.61099383
oth,1975,0,0,0,0,0,0,12.93992248,0,0,312.5226488,0,0,4.414451075,458.7257324,0,1055.21983,137.6674541,0,0,0,0,0,0,0,0,0
oth,1976,0,0,0,0,0,0,13.42702672,0,0,265.7562063,0,0,0,511.248318,0,1159.454374,149.1514918,0,0,0,0,0,0,0,0,0
oth,1977,0,0,0,0,0,0,16.54974241,0,0,234.7827108,0,0,0,523.0730452,0,1170.92658,163.5181368,0,0,0,0,0,0,0,0,0
oth,1978,0,0,0,0,0,0,22.97623809,0,0,272.068904,0,0,0,534.5114558,0,1167.079328,158.8060779,0,0,0,0,0,0,0,0,0
oth,1979,0,0,0,0,0,0,31.63327955,0,0,315.7576707,0,0,0,531.1418333,0,1169.326433,192.7290708,0,0,0,0,0,0,0,0,0
oth,1980,0,0,0,0,0,0,54.16520105,0,0,355.5670226,0,0,0,539.2064648,0,1196.178381,208.7499522,0,0,0,0,0,0,0,0,0
oth,1981,0,0,0,0,0,0,49.53212478,0,0,371.8535859,0,0,0,552.2695339,0,1175.465362,235.1030602,0,0,0,0,0,0,0,0,0
oth,1982,0,0,0,0,0,0,44.8647076,0,0,384.2831576,0,0,0,580.4272207,0,1300.158906,234.594543,0,0,0,0,0,0,0,0,0
oth,1983,0,0,0,0,0,0,45.83506744,0,0,374.1363994,0,0,0,593.1534684,0,1210.340065,238.8978904,0,0,0,0,0,0,0,0,0
oth,1984,0,0,0,0,0,0,59.61279575,0,0,422.5628908,0,0,0,594.3785519,0,1045.33504,289.8881185,0,0,0,0,0,0,0,0,0
oth,1985,0,0,0,0,0,0,96.79711767,0,0,417.9186841,0,0,0,583.8829691,0,1010.36602,320.3684106,0,0,0,0,0,0,0,0,0
oth,1986,0,0,0,0,0,0,80.21296594,0,0,415.337874,0,0,0,595.0718771,0,820.5944429,299.0067735,0,0,0,0,0,0,0,0,0
oth,1987,0,0,0,0,0,0,76.74594149,0,0,408.5478916,0,0,0,623.0292908,0,817.5920482,255.5618217,0,0,0,0,0,0,0,0,0
oth,1988,0,0,0,0,0,0,93.23402372,0,0,299.0883316,0,0,0,649.5771553,0,728.6247414,316.3104204,0,0,0,0,0,0,0,0,0
oth,1989,0,0,0,0,0,0,94.03979452,0,0,329.2723092,0,0,0,645.5526883,0,1141.318265,334.2517332,0,0,0,0,0,0,0,0,0
oth,1990,0,0,0,0,0,0,110.0244913,0,0,314.0499423,0,0,0,541.4036227,0,752.1310067,360.2691245,0,0,0,0,0,0,0,0,0
oth,1991,0,0,0,0,0,0,141.6766814,0,0,333.977708,0,0,0,529.4724465,0,391.3214723,400.8696334,0,0,0,0,0,0,0,0,0
oth,1992,0,0,0,0,0,0,141.5557644,0,0,318.729659,0,0,0,532.7163455,0,0,521.2328795,0,0,0,0,0,0,0,0,0
oth,1993,0,0,0,0,0,0,162.3302329,0,0,379.2667754,0,0,0,450.1075368,0,0,614.3655509,0,0,0,0,0,0,0,0,0
oth,1994,0,0,0,0,0,0,189.2207418,0,0,384.4208144,0,0,0,339.509341,0,0,734.8071565,0,0,0,0,0,0,0,0,0
oth,1995,0,0,0,0,0,0,185.8611115,0,0,387.0261841,0,0,0,243.6766563,0,0,796.514616,0,0,0,0,0,0,0,0,0
oth,1996,0,0,0,0,0,0,196.4327677,0,0,385.9997311,0,0,0,218.2904204,0,0,928.9269189,0,0,0,0,0,0,0,0,0
oth,1997,0,0,0,0,0,0,196.6715751,0,0,368.178666,0,0,0,231.59754,0,0,1041.000663,0,0,0,0,0,0,0,0,0
oth,1998,0,0,0,0,0,0,214.7907898,0,0,333.4731064,0,0,0,150.0089538,0,0,1177.845229,0,0,0,0,0,0,0,0,0
oth,1999,0,0,0,0,0,0,212.6721057,0,0,324.2322127,0,0,0,162.2184402,0,0,1251.806569,0,0,0,0,0,0,0,0,0
oth,2000,0,0,0,0,0,0,262.4834889,0,0,357.8159249,0,0,0,203.0095803,0,0,1401.696917,0,25.39578011,0,0,0,0,0,0,0
oth,2001,0,0,0,0,0,0,296.4562982,0,0,402.3437219,0,0,0,236.1863578,0,107.4340711,1529.681589,0,75.36568085,0,0,0,0,0,0,0
oth,2002,0,0,0,0,0,0,345.1446012,0,0,459.834894,0,0,0,250.1310405,0,143.382897,1655.211665,0,129.4516209,0,0,0,0,0,0,0
oth,2003,0,0,0,0,0,0,400.9835515,0,0,518.3889787,0,0,0,282.7507691,0,210.338792,1794.193141,21.89703895,191.4449081,0,0,0,0,0,0,0
oth,2004,0,0,0,0,0,0,432.0715116,0,0,544.5553787,0,0,0,331.9041263,0,302.3914565,1846.728398,81.05295462,274.2501496,0,0,0,0,0,0,0
oth,2005,0,0,0,0,0,0,505.0552003,0,0,569.7419904,0,0,0,365.9698891,0,379.2689445,1919.333962,139.6017803,350.4408878,0,0,0,0,0,0,0
oth,2006,0,0,0,0,0,0,551.3075917,0,0,606.4568598,0,0,5.605000549,407.7150664,0,583.4202722,2092.124533,290.4899017,411.063508,0,0,0,0,0,0,0
oth,2007,0,0,0,0,0,0,609.7586817,0,0,658.4816154,0,0,83.88197648,435.4686614,0,707.1273276,2221.563333,399.7939534,491.9587741,0,0,18.98252486,0,0,0,0
oth,2008,0,0,0,0,0,0,671.0409784,0,0,636.2876098,0,0,132.1327852,444.860566,0,878.3862315,2411.296513,478.4755938,573.0209701,0,0,35.93143444,0,0,0,0
oth,2009,0,0,0,0,0,0,710.3523159,0,0,613.2128101,0,0,125.6599999,377.5704964,0,772.0809469,2629.918753,650.0085016,627.67194,0,0,50.87534889,0,0,0,0
oth,2010,0,0,0,0,0,0,801.673871,0,0,659.5725124,0,0,185.6197375,455.0186171,0,966.5116999,2937.407099,868.2745056,784.6473826,0,0,77.41938717,0,0,0,0
oth,2011,0,0,0,0,0,0,866.3813097,0,0,665.4110288,0,0,174.5887617,480.7285875,0,908.1803108,3036.675233,1059.999642,806.0885087,0,0,92.5021965,0,17.96301099,0,0
oth,2012,0,0,0,0,0,0,935.5942399,0,0,624.4538618,0,0,95.02980521,476.7834697,0,844.520792,3163.86289,1258.589353,830.6258319,0,0,112.0534663,0,101.4086755,0,0
oth,2013,0,0,0,0,0,0,949.180274,0,0,655.5405218,0,0,0,493.1968156,0,743.9782918,3336.099909,1461.349167,905.9292162,0,0,88.75757312,0,178.5376651,0,0
oth,2014,0,0,0,0,0,0,965.3300709,0,0,888.1171497,0,0,0,458.899089,0,655.2698277,3474.80133,1671.757656,1048.656397,0,0,106.9732831,0,267.4547205,0,0
oth,2015,0,0,0,0,0,0,976.9219955,0,0,909.1752409,0,0,0,462.2608416,0,655.2504259,3578.086582,1659.63182,1052.008058,0,0,115.8926538,0,265.9805829,0,0
oth,2016,0,0,0,0,0,0,994.3702421,0,0,928.7790334,0,0,0,461.7664936,0,564.0506635,3636.011553,1648.450121,1054.258246,0,0,126.7685962,0,269.5968669,0,0
oth,2017,0,0,0,0,0,0,1025.115079,0,0,971.1742436,0,0,0,455.7231093,0,504.3705112,3699.99724,1659.839653,1056.666316,0,0,153.4545624,0,280.4423987,0,0
oth,2018,0,0,0,0,0,0,1048.081558,0,0,1036.64651,0,0,0,431.9013164,0,404.9250117,3736.238486,1620.400805,1038.565279,0,0,200.1640776,0,276.1510451,0,0
oth,2019,0,0,0,0,0,0,1073.975016,0,0,1136.090206,0,0,0,402.3609819,0,238.3568709,3776.421355,1619.146114,1027.668154,0,0,295.4256273,0,232.5006237,0,0
oth,2020,0,0,0,0,0,0,1106.563166,0,0,1283.186384,0,0,29.01309072,368.962414,0,166.3124433,3819.370169,1650.077404,1020.568973,0,0,464.7010669,0,245.4636031,0,0
oth,2021,0,0,0,0,0,0,1161.933682,0,0,1471.635428,0,0,102.694186,337.5430267,0,24.24625117,3838.997393,1639.498689,1014.630587,0,0,751.9708737,0,285.5939099,0,0
oth,2022,0,0,0,0,0,0,1172.011792,0,0,1688.840932,0,0,208.230585,309.1926324,0,0,3681.581788,1670.884218,1012.147128,0,0,1185.755639,0,339.1497026,0,0
oth,2023,0,0,0,0,0,0,1303.47337,0,0,1912.107894,0,0,298.0627574,286.2637854,0,0,3646.201133,1681.432734,1000.743952,0,0,1757.625182,0,371.8461241,0,0
oth,2024,0,0,0,0,0,0,1478.17511,0,0,2154.969072,0,0,381.5660308,272.4380828,0,0,3640.991502,1717.913275,992.3048557,0,0,2486.090648,0,401.8505956,0,0
oth,2025,0,0,0,0,0,0,1681.047496,64.53268178,0,2410.850859,0,0,467.2381228,260.3437242,0,0,3625.706754,1742.813446,979.4548659,0,77.30535051,3343.962791,0,424.8285491,0,0
oth,2026,0,0,0,0,0,0,1894.44969,149.6802054,0,2694.418414,0,0,572.9272022,249.725412,0,0,3635.792767,1742.410286,965.6678303,0,465.056415,4289.472373,0,453.291035,0,0
oth,2027,0,0,0,0,0,0,2105.158079,259.5908967,0,3010.889356,0,0,681.8252058,239.9449244,0,0,3653.426434,1770.918464,950.7457984,0,908.9432618,5355.232733,0,488.3022149,0,0
oth,2028,0,0,0,0,0,0,2320.539878,397.7176697,0,3359.195434,0,0,807.483013,227.82032,0,0,3678.067829,1843.505383,930.6134756,0,1431.424875,6704.733805,0,535.9884004,0,0
oth,2029,0,0,0,0,0,0,2568.57285,571.4153481,0,3774.353379,0,0,958.1349626,214.6158671,0,0,3710.424561,2003.325597,907.7354164,0,2001.458603,8179.469528,0,589.2034511,0,0
oth,2030,0,0,0,0,0,0,2887.896243,795.4073366,0,4280.932381,0,0,1200.613871,201.6439393,0,0,3754.548961,2278.556763,881.1312995,0,2640.141419,9865.280767,0,632.5765,67.98151671,0
oth,2031,0,0,0,0,0,0,3334.36161,1107.339838,0,4908.85872,0,0,1668.412564,195.7114428,0,0,3846.241592,2852.286182,859.7346354,0,3417.629845,11848.86779,0,661.2976536,292.9641517,1.980968085
oth,2032,0,0,0,33.59688335,0,0,3907.385676,1500.783635,0,5701.883642,0,0,2431.187933,187.4173557,0,0,3942.210412,3625.225907,831.341639,0,4238.217822,14154.47036,0,659.607895,565.237723,76.78097399
oth,2033,0,0,0,151.924722,0,0,4680.274304,2036.694214,0,6756.9641,0,0,3632.067745,175.6669853,0,0,4045.121383,4676.401397,789.5936802,0,5093.187971,16919.87728,0,634.5730552,922.8071747,174.7146964
oth,2034,0,0,0,319.3733904,0,0,5647.921982,2720.07311,0,8101.928585,0,0,5361.094355,157.018706,0,0,4147.664213,6010.469994,725.4312114,0,6031.229588,19874.49862,0,574.8129231,1362.351261,298.5144032
oth,2035,0,0,0,512.4886705,0,0,6785.866602,3579.920474,0,9173.293407,0,0,7500.178856,134.7748003,0,0,4253.419714,7691.006686,645.5731937,0,7035.342083,22837.97737,0,451.4520078,1873.896727,447.7848961
oth,2036,0,0,0,734.3363631,0,0,8077.895304,4645.700161,0,10061.37525,0,0,9037.304188,111.9066849,0,0,4345.354705,9568.610842,561.9217596,0,8096.341136,25728.13263,0,323.2104389,2449.125813,633.4937655
oth,2037,0,0,0,1002.489854,0,0,9566.313808,5717.167678,0,11083.28009,0,0,9994.050911,91.71748641,0,0,4444.783654,11557.91009,543.7382706,0,9234.115592,28319.23762,0,78.51538795,3099.785893,853.7696494
oth,2038,0,0,0,1599.361042,0,0,11269.12259,6563.808946,0,12187.89573,0,0,10779.226,75.82983002,0,0,4546.347123,13215.06837,418.2308539,0,10473.47263,30433.15181,0,0,3761.224224,1112.452544
oth,2039,0,0,0,2624.653549,0,0,12396.38844,7540.058385,0,13330.2184,0,0,11410.27571,63.94923149,0,0,4669.850977,14884.14476,301.8703126,0,11786.18279,32070.61458,0,0,4505.318568,1421.382211
oth,2040,0,0,0,3720.350068,0,0,13572.57303,8619.722098,0,14447.36043,0,0,11953.28509,49.26492795,0,0,4822.826251,16575.68906,135.3227947,0,13214.42115,33335.06176,0,0,5388.85771,1807.84132
oth,2041,0,0,0,4927.666624,0,0,15026.70941,9854.393763,0,15141.66087,0,0,12459.87059,26.4022009,0,0,4933.871372,18692.05106,0,0,14884.55682,34539.40242,0,0,6476.05985,2306.823448
oth,2042,0,0,0,6106.594185,0,0,16800.90916,11184.98192,0,15813.30765,0,0,12957.03692,0,0,0,5094.724794,20962.20305,0,0,16726.46157,35458.03867,0,0,7757.889468,2942.881956
oth,2043,0,0,0,6994.615169,0,0,18654.534,12634.56716,0,16485.80804,0,0,13362.68793,0,0,0,5297.678562,23343.15455,0,0,18662.84075,35688.09162,0,0,9166.494616,3750.223408
oth,2044,0,0,0,8091.917599,0,0,20008.74384,14225.01957,71.08351462,17110.53497,0,0,13609.30097,0,0,0,5514.223927,25688.57551,0,0,20567.24962,35033.4242,0,0,10659.37686,4739.592314
oth,2045,0,0,0,9298.974521,0,0,21216.64359,16054.59133,178.2692048,17708.92934,0,0,13684.83335,0,0,0,5743.992991,27887.6276,0,0,22292.94052,33299.60677,0,0,12270.23289,5515.738455
oth,2046,0,0,0,10737.17557,0,0,22127.40273,17749.61781,314.6043657,18277.79672,0,0,13584.5771,0,0,0,5936.589398,29851.49375,0,0,23721.50578,30624.54251,0,0,14029.69405,6256.156249
oth,2047,0,0,0,12088.71557,0,0,23694.0248,19656.32866,490.6149093,19461.29492,0,0,13179.05282,0,0,0,6068.054953,31311.21999,0,0,24340.67779,25992.4411,0,0,15921.92334,7086.928594
oth,2048,0,0,0,13248.8861,0,0,28767.77448,21793.79212,716.2638761,23096.62477,0,0,12298.76548,0,0,0,6021.071021,31967.19041,0,0,23551.65978,18552.38121,0,0,17957.07091,8025.854878
oth,2049,0,0,0,13751.86913,0,0,32197.46246,24122.93987,987.2562071,27040.67435,0,0,10615.26393,0,0,0,5579.409179,31329.56745,0,0,20487.12549,6998.874205,0,0,20130.46513,9074.642944
oth,2050,0,0,0,12877.28142,0,0,32937.77651,26635.50951,1310.182348,30572.68585,0,0,7619.120829,0,0,0,4270.111709,29055.9924,0,0,13843.31672,0,0,0,22044.10887,10227.77909
