flow,sector,category,elements,materials,2000,2001,2002,2003,2004,2005,2006,2007,2008,2009,2010,2011,2012,2013,2014,2015,2016,2017,2018,2019,2020,2021,2022,2023,2024,2025,2026,2027,2028,2029,2030,2031,2032,2033,2034,2035,2036,2037,2038,2039,2040,2041,2042,2043,2044,2045,2046,2047,2048,2049,2050
inflow,electricity,grid,lines,Aluminium,1408.1632817824461,1446.5969247007388,1590.5335737800324,1747.6774799296204,1920.9636966977037,2076.9948020708825,2284.2816640314295,2554.4550141702025,2664.797087697785,2869.401654011647,3123.604977213797,3436.1928427240473,3595.7577807442963,3563.828422545777,3384.3423980757425,3049.0295810811267,2536.0536757034574,2311.663865797333,2394.7088317245048,2569.506207958867,2865.5030316232614,3224.860746105894,3350.349234086846,3494.8275210724964,3629.9213277777744,3766.8530846758017,3833.477928121238,3855.6160686987696,3863.63463579318,3837.540802727225,3777.7681614197536,3826.0662300292397,3947.2146719021257,4102.851208247146,4307.494580092577,4521.382517115359,4645.019073747962,4702.570144309838,4728.246788303432,4718.107228177516,4743.7222681673475,4850.213359720137,5012.164665326146,5197.44823218156,5390.768303322239,5523.373818776965,5607.247122596878,5667.190778273186,5700.401256657332,5739.5151413743415,5802.976128984021
inflow,electricity,grid,substations,Aluminium,1286.4134330197792,1332.0370789024705,1474.5259205505743,1610.400122347982,1774.0036509567853,1914.594129781071,2077.8107798510114,2243.6425489873186,2341.4531227371267,2521.585455792908,2753.8142146461114,3048.3986786037785,3255.7471470074915,3223.1818118782926,3069.9660547849744,2776.1682915296074,2339.8276980511077,2167.4855110398735,2282.452569332121,2477.1961373047584,2773.4930250436637,3119.9899383247607,3249.434675340921,3387.523261625121,3506.0895725734845,3633.950698421719,3703.8546332798114,3735.4952887146583,3740.2288591837955,3719.477215953716,3662.905201478305,3708.418554519912,3821.492581772596,3980.05951381061,4184.276410706593,4404.827958367323,4535.325485019481,4594.229633819952,4618.061345114372,4612.365577642803,4637.181998743645,4743.427839849618,4914.800600528748,5117.951580444942,5328.037585279345,5484.373276678534,5590.6052700245355,5667.1869956669825,5708.573358454394,5747.908864306108,5797.322060426973
inflow,electricity,grid,transformers,Aluminium,102.25296191199844,105.7982992176751,115.95383575271171,125.66716198634572,137.2527551426443,147.30280409192193,158.9207168685842,170.75317992416092,177.9873312754619,190.8853565031764,207.44735247926485,228.3045840692482,243.3218357018472,242.16050259029737,232.8701872450138,214.0429480728318,185.61683864641543,175.20090894314214,184.36275698242946,198.9935664004039,220.54349170364827,245.49667549423964,255.67285900331467,266.42475641030467,275.89498370525536,286.05068517896945,292.3838342716225,296.2560307401339,298.4605961141863,299.1267818296033,297.58954900046865,303.2041410398589,313.6322636312945,327.34758215757375,344.2669805672473,362.32138015688014,374.1770956921515,380.99205278763804,385.1368044072907,386.89398593279856,390.2925089463197,398.76346589310526,411.18977925587944,425.36969486724087,439.70652258816574,450.18280518458334,457.1812538650578,462.23333800449745,465.0796087337114,468.07281440743776,472.1158173653732
inflow,electricity,grid,lines,Asphalt,195.46842684362048,193.46221918069628,205.08868670205416,201.4875545371646,231.77316827520926,245.49678888241584,219.6950648770282,160.64056580091463,167.84813692069437,168.38272405999402,185.53009848762596,230.91991976850588,295.9893404539555,282.6073219390504,291.5192482101308,290.9562261808875,314.70077063236647,341.2767547521323,422.2941182032171,507.86091138036016,596.9976526591997,673.181600672011,748.3858120679413,801.66179478582,818.0508145007708,842.9762905294468,867.3270349694277,891.5034249982449,907.8892256699683,918.3256982606856,922.90048692131,937.6639490156267,954.663041340109,977.8386562208883,1016.8592860891738,1057.9556347270225,1085.0312246347303,1096.7297721572363,1100.8300707374815,1105.318460567019,1114.0141954853175,1139.2029010970382,1184.556983600627,1244.2342280107023,1306.3464872215004,1368.8851393626337,1418.6334039542373,1457.217884931213,1478.2700320036074,1484.610062444478,1472.336032743212
inflow,electricity,grid,substations,Asphalt,0.0,0.0,0.0,0.0,0.0,0.0,0.0,0.0,0.0,0.0,0.0,0.0,0.0,0.0,0.0,0.0,0.0,0.0,0.0,0.0,0.0,0.0,0.0,0.0,0.0,0.0,0.0,0.0,0.0,0.0,0.0,0.0,0.0,0.0,0.0,0.0,0.0,0.0,0.0,0.0,0.0,0.0,0.0,0.0,0.0,0.0,0.0,0.0,0.0,0.0,0.0
inflow,electricity,grid,transformers,Asphalt,0.0,0.0,0.0,0.0,0.0,0.0,0.0,0.0,0.0,0.0,0.0,0.0,0.0,0.0,0.0,0.0,0.0,0.0,0.0,0.0,0.0,0.0,0.0,0.0,0.0,0.0,0.0,0.0,0.0,0.0,0.0,0.0,0.0,0.0,0.0,0.0,0.0,0.0,0.0,0.0,0.0,0.0,0.0,0.0,0.0,0.0,0.0,0.0,0.0,0.0,0.0
inflow,electricity,grid,lines,Co,0.0,0.0,0.0,0.0,0.0,0.0,0.0,0.0,0.0,0.0,0.0,0.0,0.0,0.0,0.0,0.0,0.0,0.0,0.0,0.0,0.0,0.0,0.0,0.0,0.0,0.0,0.0,0.0,0.0,0.0,0.0,0.0,0.0,0.0,0.0,0.0,0.0,0.0,0.0,0.0,0.0,0.0,0.0,0.0,0.0,0.0,0.0,0.0,0.0,0.0,0.0
inflow,electricity,grid,substations,Co,0.0,0.0,0.0,0.0,0.0,0.0,0.0,0.0,0.0,0.0,0.0,0.0,0.0,0.0,0.0,0.0,0.0,0.0,0.0,0.0,0.0,0.0,0.0,0.0,0.0,0.0,0.0,0.0,0.0,0.0,0.0,0.0,0.0,0.0,0.0,0.0,0.0,0.0,0.0,0.0,0.0,0.0,0.0,0.0,0.0,0.0,0.0,0.0,0.0,0.0,0.0
inflow,electricity,grid,transformers,Co,0.0,0.0,0.0,0.0,0.0,0.0,0.0,0.0,0.0,0.0,0.0,0.0,0.0,0.0,0.0,0.0,0.0,0.0,0.0,0.0,0.0,0.0,0.0,0.0,0.0,0.0,0.0,0.0,0.0,0.0,0.0,0.0,0.0,0.0,0.0,0.0,0.0,0.0,0.0,0.0,0.0,0.0,0.0,0.0,0.0,0.0,0.0,0.0,0.0,0.0,0.0
inflow,electricity,grid,lines,Concrete,10173.36066064539,10605.240091199075,11820.918809354622,13063.643222138122,14341.958099345946,15497.548588688886,17039.427029834264,19054.936627349096,19860.144369341127,21433.81295575892,23400.58828342097,25799.332853832257,27062.893239486522,26917.72342292444,25586.941088920055,23043.25925093382,19094.145856182266,17457.372830435932,18054.15915436236,19347.490450828973,21535.926100271274,24218.462607082656,24970.56907678508,25902.334763015653,26864.81353050277,27847.154869358033,28358.26015945559,28544.773310574703,28520.26635769618,28295.519877863793,27790.45097149692,28118.272355463974,29035.418499334715,30345.268615401066,31963.027034672767,33710.48419228963,34722.20299768439,35182.00641644841,35354.49441911944,35252.17034226542,35391.8234834294,36168.186474455535,37401.297961964476,38852.82406956556,40365.133871183025,41415.72130039984,42104.349977776335,42604.943592683565,42896.373772360595,43251.91816706045,43796.5774709204
inflow,electricity,grid,substations,Concrete,2534.087276174828,2569.9922324972586,2766.819312884437,2982.095829196313,3330.231417270597,3632.011766724061,3975.0465422733823,4315.248354780968,4510.909910908998,4789.847212223502,5102.824957000597,5548.354137294064,5806.20895319728,5579.463791535808,5184.016088964344,4591.3552869536325,3712.7805612197144,3309.1496811534375,3432.6309242156954,3676.9919498139516,4116.790878188313,4695.706834261114,4955.692533196564,5288.3760685656125,5548.950656953239,5826.754517703839,5927.793836066641,5922.014614253981,5869.841095248418,5776.684595381227,5594.101258291757,5630.157504883366,5774.253586392688,5961.862543057998,6267.182651192774,6622.202110191247,6842.440412508713,6938.610098494892,6995.416150998159,7031.048232024468,7124.478081674191,7361.737688736979,7748.581752208473,8182.49385131696,8600.094608151296,8901.726314481279,9083.70242317798,9168.844875422305,9165.773940227387,9147.216537080341,9131.570240595602
inflow,electricity,grid,transformers,Concrete,3385.0678585520427,3482.471641181022,3786.417450722757,4091.4509822733066,4489.169665832453,4834.248111071742,5227.4380323747155,5625.354497541186,5864.1975521249215,6256.4553938373865,6741.468200268326,7378.107167991353,7812.416935740197,7705.511797540799,7356.928208523201,6722.7502587844565,5760.417033323975,5378.886335558589,5629.566815239222,6049.104308270003,6701.272318281854,7485.113049460734,7823.164411227952,8206.577378665468,8535.63280753423,8885.802208208042,9086.546087683113,9193.462775315154,9246.267730478448,9251.28051709172,9174.174439767203,9340.52543758238,9655.170051679765,10059.721393858856,10579.317197968154,11141.490377103066,11511.316358776256,11717.863608089037,11843.499183372842,11901.998678411193,12011.204001355047,12280.927104509548,12689.1928397817,13150.197291981556,13604.731595897872,13928.843552545099,14130.956839294515,14254.907110898252,14300.781033593232,14350.14921867693,14430.4786003649
inflow,electricity,grid,lines,Cu,277.2282091488197,279.6987351542831,298.6623594802193,320.1815286778313,358.3064412066004,384.70204649471975,409.03797191559676,443.55847725827323,461.09555149948403,485.02963453286395,521.2672638115357,572.1347765735879,590.4435095696231,560.4929818656906,522.4512535136638,459.036467056475,377.7258645658245,340.4849345676378,367.805454491506,409.87382159524077,471.50677949308033,540.0242011113284,582.6618336546882,625.847651244725,651.3951066095512,679.9430715326508,692.3307774252077,695.175772401563,692.083086224214,683.7627006805737,666.2054816701446,670.5697157827403,684.4529845494249,703.0784798819483,735.8647549442958,773.5324751118234,796.4088808450722,805.2497595014454,809.0609279802179,811.7631247516199,820.0010611539644,843.9813561094804,885.1846921805502,933.5603734938107,981.205457936419,1019.960395381277,1045.8148620123952,1060.8400288004862,1064.3742066328755,1062.4273038573267,1055.3785803007659
inflow,electricity,grid,substations,Cu,8.97846390552172,9.187463755842597,10.010593184023794,10.859453144993338,12.062290482579318,13.099854384962404,14.283941808984522,15.472498046217993,16.159711344064423,17.254864870124138,18.57143073517718,20.356935932680962,21.496480575965247,20.93591067920203,19.67618902658411,17.59656954708926,14.49393911432287,13.147806091049546,13.726745989539003,14.792132188677442,16.5672695510425,18.7798763581199,19.697834089903647,20.79629487188173,21.688856834133016,22.6381323850857,23.05528912659222,23.138513957806023,23.04262833225024,22.786228978555876,22.238181073054836,22.44056156303329,23.064196581764506,23.91392431612032,25.140419984646208,26.518772010533066,27.353472844198706,27.722749339655444,27.905003964868143,27.95663512447423,28.21541772633203,29.010579297075825,30.304775102310952,31.791813067428457,33.265799148712446,34.344963295018864,35.03129499881341,35.430752406993655,35.54586863980985,35.6243198757323,35.738670063993325
inflow,electricity,grid,transformers,Cu,418.95424833378246,430.42098651619796,467.120009043056,504.2727405261893,553.7497812673935,596.7041122703431,645.5836540198474,694.9434715832698,724.5080594604566,772.1958115044586,830.5997513539194,907.8144615940219,959.8155707444857,944.695377282095,900.403243211927,821.6376043460345,702.2532009138758,654.2238817449896,684.0090780462,734.2896899419347,813.2928069232721,909.0433239524343,950.8598384431713,998.9188637399619,1039.923155298262,1083.5853916787134,1108.0996857606624,1120.6899965972325,1126.685445909344,1126.8727125065218,1116.6856323081115,1136.7835436392265,1174.9114136936596,1223.5940230924086,1286.749486565166,1355.28832078,1400.4247719697398,1425.4687376830013,1440.7659504550948,1448.0994254954107,1461.6337643384234,1494.8048278737003,1545.3275420583786,1602.1889386520259,1657.9290550888554,1697.4394759246948,1721.6616168695214,1735.8440183784044,1740.217774147351,1744.961862146164,1753.4206894379104
inflow,electricity,grid,lines,Glass,52.86471182421877,55.13390256850048,61.479476480548115,68.00376303104274,74.63250448999283,80.65795440218764,88.80451045629715,99.51490449102143,103.71910641103126,111.96849538372187,122.23865722264895,134.70515520177648,141.17222031228746,140.443539684767,133.44469493759973,120.10963211513524,99.34702106459342,90.70105941681602,93.63359408658033,100.20705946343801,111.46486921914816,125.34462982362761,129.10559374990794,133.86166016927643,138.86817146042782,143.95812831631417,146.5788055988637,147.49808122828486,147.32987153239162,146.12623528417794,143.4670884136135,145.15005555389322,149.91741074311852,156.72872554933016,165.11598218432843,174.1782126666191,179.41698239676893,181.79935598339355,182.69376455930583,182.14640303105926,182.85751991527727,186.86690199405373,193.22211645408305,200.68774985833494,208.466167173578,213.82275794391836,217.31261773386092,219.84367883087353,221.32060392029769,223.1693409204043,226.05472240676596
inflow,electricity,grid,substations,Glass,4.512241488063773e-05,4.6830684451678186e-05,5.198115323668774e-05,5.69293176576472e-05,6.271438235144621e-05,6.766461637799282e-05,7.336147275447713e-05,7.919367500633991e-05,8.260122292584374e-05,8.897757521539159e-05,9.728252005085104e-05,0.00010791635997578762,0.0001154644720180836,0.00011460615912549043,0.00010941338339205961,9.912603211445922e-05,8.364508029511412e-05,7.757626583497153e-05,8.164672128550966e-05,8.862468299674512e-05,9.929244434388896e-05,0.00011170409487621599,0.00011628481271678744,0.00012114114933099624,0.00012536385288277238,0.00012984617721474977,0.00013241290713719183,0.00013366460006276423,0.00013390509988438616,0.00013321788770928573,0.00013127301955886584,0.00013290089598183729,0.00013695443879720742,0.00014271956207308537,0.00015005118794159152,0.00015794738344292858,0.00016258198933630553,0.00016466989451491802,0.00016543932533216217,0.00016510428368012427,0.00016583115313456145,0.00016946646253987688,0.00017535864567509997,0.00018242573373717085,0.0001897882130384833,0.00019529446684797962,0.00019907781920744977,0.00020187485020766016,0.00020347043199664297,0.00020502683705702385,0.00020696960831540889
inflow,electricity,grid,transformers,Glass,0.0,0.0,0.0,0.0,0.0,0.0,0.0,0.0,0.0,0.0,0.0,0.0,0.0,0.0,0.0,0.0,0.0,0.0,0.0,0.0,0.0,0.0,0.0,0.0,0.0,0.0,0.0,0.0,0.0,0.0,0.0,0.0,0.0,0.0,0.0,0.0,0.0,0.0,0.0,0.0,0.0,0.0,0.0,0.0,0.0,0.0,0.0,0.0,0.0,0.0,0.0
inflow,electricity,grid,lines,Mn,0.0,0.0,0.0,0.0,0.0,0.0,0.0,0.0,0.0,0.0,0.0,0.0,0.0,0.0,0.0,0.0,0.0,0.0,0.0,0.0,0.0,0.0,0.0,0.0,0.0,0.0,0.0,0.0,0.0,0.0,0.0,0.0,0.0,0.0,0.0,0.0,0.0,0.0,0.0,0.0,0.0,0.0,0.0,0.0,0.0,0.0,0.0,0.0,0.0,0.0,0.0
inflow,electricity,grid,substations,Mn,0.0,0.0,0.0,0.0,0.0,0.0,0.0,0.0,0.0,0.0,0.0,0.0,0.0,0.0,0.0,0.0,0.0,0.0,0.0,0.0,0.0,0.0,0.0,0.0,0.0,0.0,0.0,0.0,0.0,0.0,0.0,0.0,0.0,0.0,0.0,0.0,0.0,0.0,0.0,0.0,0.0,0.0,0.0,0.0,0.0,0.0,0.0,0.0,0.0,0.0,0.0
inflow,electricity,grid,transformers,Mn,0.0,0.0,0.0,0.0,0.0,0.0,0.0,0.0,0.0,0.0,0.0,0.0,0.0,0.0,0.0,0.0,0.0,0.0,0.0,0.0,0.0,0.0,0.0,0.0,0.0,0.0,0.0,0.0,0.0,0.0,0.0,0.0,0.0,0.0,0.0,0.0,0.0,0.0,0.0,0.0,0.0,0.0,0.0,0.0,0.0,0.0,0.0,0.0,0.0,0.0,0.0
inflow,electricity,grid,lines,Nd,0.0,0.0,0.0,0.0,0.0,0.0,0.0,0.0,0.0,0.0,0.0,0.0,0.0,0.0,0.0,0.0,0.0,0.0,0.0,0.0,0.0,0.0,0.0,0.0,0.0,0.0,0.0,0.0,0.0,0.0,0.0,0.0,0.0,0.0,0.0,0.0,0.0,0.0,0.0,0.0,0.0,0.0,0.0,0.0,0.0,0.0,0.0,0.0,0.0,0.0,0.0
inflow,electricity,grid,substations,Nd,0.0,0.0,0.0,0.0,0.0,0.0,0.0,0.0,0.0,0.0,0.0,0.0,0.0,0.0,0.0,0.0,0.0,0.0,0.0,0.0,0.0,0.0,0.0,0.0,0.0,0.0,0.0,0.0,0.0,0.0,0.0,0.0,0.0,0.0,0.0,0.0,0.0,0.0,0.0,0.0,0.0,0.0,0.0,0.0,0.0,0.0,0.0,0.0,0.0,0.0,0.0
inflow,electricity,grid,transformers,Nd,0.0,0.0,0.0,0.0,0.0,0.0,0.0,0.0,0.0,0.0,0.0,0.0,0.0,0.0,0.0,0.0,0.0,0.0,0.0,0.0,0.0,0.0,0.0,0.0,0.0,0.0,0.0,0.0,0.0,0.0,0.0,0.0,0.0,0.0,0.0,0.0,0.0,0.0,0.0,0.0,0.0,0.0,0.0,0.0,0.0,0.0,0.0,0.0,0.0,0.0,0.0
inflow,electricity,grid,lines,Ni,0.0,0.0,0.0,0.0,0.0,0.0,0.0,0.0,0.0,0.0,0.0,0.0,0.0,0.0,0.0,0.0,0.0,0.0,0.0,0.0,0.0,0.0,0.0,0.0,0.0,0.0,0.0,0.0,0.0,0.0,0.0,0.0,0.0,0.0,0.0,0.0,0.0,0.0,0.0,0.0,0.0,0.0,0.0,0.0,0.0,0.0,0.0,0.0,0.0,0.0,0.0
inflow,electricity,grid,substations,Ni,0.00676836223209566,0.007024602667751729,0.007797172985503161,0.008539397648647081,0.009407157352716931,0.010149692456698924,0.011004220913171572,0.01187905125095098,0.01239018343887656,0.013346636282308737,0.014592378007627653,0.01618745399636814,0.017319670802712538,0.017190923868823565,0.01641200750880895,0.014868904817168883,0.012546762044267116,0.011636439875245728,0.01224700819282645,0.01329370244951177,0.014893866651583348,0.0167556142314324,0.01744272190751811,0.01817117239964943,0.01880457793241586,0.01947692658221246,0.019861936070578776,0.020049690009414634,0.020085764982657926,0.01998268315639285,0.019690952933829872,0.0199351343972756,0.020543165819581113,0.021407934310962804,0.022507678191238733,0.02369210751643928,0.02438729840044582,0.024700484177237716,0.02481589879982432,0.024765642552018637,0.02487467297018421,0.025419969380981525,0.02630379685126499,0.027363860060575614,0.028468231955772482,0.02929417002719695,0.029861672881117463,0.03028122753114903,0.030520564799496448,0.030754025558553565,0.031045441247311328
inflow,electricity,grid,transformers,Ni,0.0,0.0,0.0,0.0,0.0,0.0,0.0,0.0,0.0,0.0,0.0,0.0,0.0,0.0,0.0,0.0,0.0,0.0,0.0,0.0,0.0,0.0,0.0,0.0,0.0,0.0,0.0,0.0,0.0,0.0,0.0,0.0,0.0,0.0,0.0,0.0,0.0,0.0,0.0,0.0,0.0,0.0,0.0,0.0,0.0,0.0,0.0,0.0,0.0,0.0,0.0
inflow,electricity,grid,lines,Pb,72.55829318765834,71.81358466284763,76.12935398055114,74.79260610956837,86.03468994099579,91.12892691672238,81.55127243123503,59.630117556217975,62.30558318984824,62.50402306586304,68.86916469619933,85.71796229187603,109.87186878145508,104.90443522440313,108.21256109253204,108.00356612527,116.8175912122787,126.68265268870434,156.75646924056014,188.51904372243226,221.60679048511906,249.88643301035017,277.8023952326176,297.57855262194903,303.6621913800748,312.9145807645635,321.95362856857224,330.92795564664027,337.01039948911637,340.8844401733853,342.5826113935114,348.0628397270689,354.3729387273059,362.9757759551778,377.46031623653613,392.71536771240847,402.7658839132881,407.1084094797667,408.6304489791708,410.29654877058425,413.52442395161717,422.87452471369596,439.7100559997044,461.86237525892653,484.91857715883964,508.13305701571994,526.5997179803709,540.9223588714278,548.7369603606522,551.0903930606319,546.5342472930549
inflow,electricity,grid,substations,Pb,1.8048965952255095e-06,1.873227378067128e-06,2.0792461294675095e-06,2.277172706305888e-06,2.5085752940578485e-06,2.7065846551197124e-06,2.934458910179086e-06,3.1677470002535966e-06,3.304048917033748e-06,3.5591030086156624e-06,3.891300802034041e-06,4.316654399031504e-06,4.618578880723344e-06,4.584246365019617e-06,4.376535335682388e-06,3.965041284578368e-06,3.3458032118045645e-06,3.103050633398861e-06,3.2658688514203864e-06,3.544987319869805e-06,3.971697773755559e-06,4.468163795048637e-06,4.651392508671497e-06,4.845645973239849e-06,5.014554115310895e-06,5.19384708858999e-06,5.296516285487674e-06,5.34658400251057e-06,5.356203995375447e-06,5.3287155083714284e-06,5.2509207823546326e-06,5.316035839273493e-06,5.478177551888299e-06,5.708782482923415e-06,6.002047517663661e-06,6.317895337717143e-06,6.503279573452222e-06,6.586795780596725e-06,6.6175730132864846e-06,6.604171347204971e-06,6.63324612538246e-06,6.7786585015950755e-06,7.014345827003998e-06,7.297029349486831e-06,7.5915285215393276e-06,7.811778673919184e-06,7.963112768297989e-06,8.074994008306407e-06,8.13881727986572e-06,8.201073482280953e-06,8.278784332616353e-06
inflow,electricity,grid,transformers,Pb,0.0019300140021861656,0.0019511808305436268,0.0020709853444025803,0.0022092399277771485,0.0024498723526147673,0.0026602977590112964,0.002896901193933838,0.0031298911611267414,0.0032664355754944735,0.003440757748493759,0.0036237974821820007,0.0038945974236813405,0.004040496883340273,0.0038699392405200034,0.0036043900213837505,0.0032269217165440144,0.002663772714658683,0.0024005149689302896,0.002472733461797193,0.002617432204271331,0.0028897582817589296,0.003262880262655265,0.0034539873696786375,0.003706833072692143,0.003909716472956309,0.004127761428807055,0.0042225146434173595,0.004245878520842327,0.004244755063980917,0.004222702265716601,0.00414184560628555,0.0042085128460919805,0.004340840825447631,0.004490904598078145,0.0047200787191469164,0.004979984739622278,0.005153927314127084,0.005241591602667689,0.005298995452989437,0.005338261864844961,0.005402251942808713,0.005544275554912447,0.005777147692809171,0.006028899779080079,0.006258375103884705,0.006408294906848576,0.0064776888119725835,0.006481366874148485,0.006432051308513751,0.0063809778539643015,0.006340683091645505
inflow,electricity,grid,lines,Plastics,302.1769723006605,300.90584347030796,321.9220625242983,346.499337750907,383.39273515676643,420.0444149246972,464.9752112277142,519.5219794381917,543.0511390728242,580.0941893272218,617.8442707906427,671.6960857984602,698.0004981150489,683.3315570453522,641.347876603494,577.5218583315999,477.8451612125517,426.60824078544704,440.02912981824545,472.8476361833965,530.7292742752869,604.3864309091616,641.60157431503,682.6818756020725,714.9019630186336,747.5589549776793,760.7613643779081,763.4630241935517,766.873057970465,762.1172131888477,750.0918687375718,760.7557370604694,783.4314418938465,807.03791608749,845.8156052626489,887.9888329345317,914.5295668728629,929.059670188407,939.762103979992,942.3012090036195,951.0528682134777,975.6048008490861,1012.3604039361063,1051.8258211034504,1091.5641547735624,1117.8330923604158,1131.7740198510407,1138.2838476875836,1137.8844018189632,1137.7678077858443,1141.0614283256132
inflow,electricity,grid,substations,Plastics,0.27257097156946836,0.28289011556725246,0.31400255235685964,0.34389292917454944,0.3788387694703811,0.4087416481545412,0.44315464846797004,0.47838523261079735,0.4989692073281442,0.5374868386036161,0.5876545188711759,0.6518903557057402,0.6974862361196376,0.69230142542935,0.6609334250564147,0.5987906221938138,0.5052748365386958,0.46861494902931267,0.4932033492693781,0.5353551225784384,0.5997958685481302,0.674770925918758,0.7024416681782978,0.7317773407637489,0.757285426108963,0.7843618027011389,0.7998666481436345,0.8074277495991399,0.8088805368716119,0.804729294285482,0.7929809292492411,0.8028144423574848,0.8273006784422909,0.8621260586148868,0.9064142109987718,0.9541127591636984,0.9821090229838207,0.9947214317962658,0.9993693325339921,0.9973454464265268,1.0017362467399455,1.0236960602646346,1.0592889709295763,1.1019791297861274,1.1464536585015652,1.179715285888591,1.2025693824864416,1.219465407649413,1.2291038385621214,1.238505614610364,1.25024131295089
inflow,electricity,grid,transformers,Plastics,0.0,0.0,0.0,0.0,0.0,0.0,0.0,0.0,0.0,0.0,0.0,0.0,0.0,0.0,0.0,0.0,0.0,0.0,0.0,0.0,0.0,0.0,0.0,0.0,0.0,0.0,0.0,0.0,0.0,0.0,0.0,0.0,0.0,0.0,0.0,0.0,0.0,0.0,0.0,0.0,0.0,0.0,0.0,0.0,0.0,0.0,0.0,0.0,0.0,0.0,0.0
inflow,electricity,grid,lines,Steel,2683.6549647850297,2797.373085065944,3115.222572688476,3442.967392821252,3781.989201697824,4085.5398908495513,4491.5583655549835,5022.922682745563,5235.667159757307,5647.869201192545,6165.470986418759,6794.778081726709,7121.473666487223,7074.28034631557,6719.836030510573,6045.196045967734,5003.328608491892,4571.776892812791,4726.611532725461,5060.628763268035,5629.919254869494,6328.268428468866,6522.058713982736,6766.895739051153,7020.452288421783,7279.435597008724,7411.837635978654,7456.958990664934,7446.378122929547,7383.326752020702,7245.608487929206,7328.266910497462,7565.8402436060305,7905.236826863499,8325.676629696774,8779.251988965298,9040.97324531645,9158.075516657314,9200.708264262346,9174.717527979,9214.0204692204,9420.193516667756,9747.566837104234,10132.169098328572,10531.555503935677,10809.176589464158,10991.151364949896,11122.35257883441,11197.774089800574,11289.257063827496,11430.07034300977
inflow,electricity,grid,substations,Steel,79.68227419854941,81.77680515215457,89.4624934939971,97.18746791859465,107.69541296978036,116.7568903876083,127.16197859069071,137.62749858649838,143.72232404748206,153.82859964132066,166.2235833996472,182.65153013936816,193.44754871895393,189.21670167907152,178.45586435624818,160.06666042796505,132.7295620965125,121.14851240185098,126.8332972011254,136.97680115019782,153.37673845047166,173.4466992026419,181.54450603867315,190.95246048955278,198.69116627478147,206.97443046515522,210.81744732506556,211.8555663301935,211.30354406082807,209.2941952370422,204.80100457414758,206.8754265101609,212.7965738034288,220.91645638977752,232.24559115568587,244.83043134308386,252.4105403822765,255.78557786765168,257.3841141540031,257.65630975692363,259.78407184271276,266.73560479146585,278.0134048958156,291.0561218208841,304.1202835041562,313.72051624308307,319.93143265111524,323.7793726136812,325.19020153127417,326.3212339841321,327.8466414347943
inflow,electricity,grid,transformers,Steel,2045.2449393546879,2106.4170519164973,2293.840461055391,2479.9523609531493,2718.444037185398,2925.3849124896333,3161.9154919799516,3401.5444543509043,3545.9495249231413,3787.1466534166684,4087.7795089889014,4478.701147748339,4748.5125813513705,4692.005457298335,4486.220950892677,4104.364733795472,3525.7386065915643,3299.752719657239,3457.6323883275686,3718.909777330167,4120.15678719203,4598.643750947898,4802.701648222829,5030.966127465249,5227.798533365674,5437.660030457609,5559.919027991112,5626.976047933718,5661.279606885148,5666.356732070901,5622.942502537627,5725.802793150421,5919.549337386128,6169.801790876142,6488.491016051483,6832.2908968006805,7058.404024305043,7185.456341975313,7262.797175324317,7298.185276391061,7364.66304060788,7528.974673887033,7776.09085482412,8055.658442576747,8332.695636202656,8531.226335715164,8656.85704529841,8736.89582878797,8770.352056454298,8806.057680391641,8860.905594779373
inflow,electricity,grid,lines,Wood,484.591345283208,496.83286735307354,534.636396247674,600.9292597597337,660.5934451421712,698.4918989144423,777.348896367585,943.8550120760174,973.7367391700004,1032.3759838374249,1123.9942576334051,1213.443429066575,1170.8622238104692,1107.9645310939186,1004.8453823006579,829.4885762948134,588.7851750201011,460.5160700403148,450.0493159821969,481.6905968015992,559.9636611669879,662.8030300032086,699.4840660153235,750.5468339477553,789.0331346442741,825.4585304599161,828.5700512731511,811.9631801951181,787.1329279456195,755.2911566438754,708.6625007479194,703.0162617703313,717.9339832855369,741.3278497119322,780.1293954989505,827.1122949553144,850.4200644053425,855.2829911456816,853.3255852160088,848.0208959461651,850.4774874832816,873.549289721476,914.8116758373861,960.4338245780018,1004.2518043527405,1031.0866603241773,1042.8753015315306,1043.3673324771728,1035.5563941914054,1027.3093732317118,1022.7312665698702
inflow,electricity,grid,substations,Wood,2.711857134326328,2.81452413554586,3.124067309524933,3.421451991224597,3.7691343793219176,4.066643444317368,4.409024512544076,4.759539867881029,4.964333497843206,5.347552270445032,5.846679455056144,6.485773234544835,6.939414768286822,6.8878301634419765,6.575744341862787,5.957474530079,5.027069325736358,4.662333576681788,4.906967949259131,5.3263434481043825,5.967475905067728,6.713416102060579,6.988717244278923,7.280583074792872,7.534367558254619,7.803755250606459,7.958015718945229,8.03324246377213,8.047696503051611,8.00639505132807,7.889508475487839,7.987343848508425,8.230961771712167,8.577445680592431,9.018076395289652,9.492637744920005,9.771177559111962,9.896660660346578,9.942903452462946,9.922767449175465,9.966452303387141,10.184934398646604,10.539054605073506,10.96378659760396,11.406271603612842,11.737197457563578,11.964576934367734,12.132678497480379,12.228572962998243,12.32211290712713,12.438873459756072
inflow,electricity,grid,transformers,Wood,17.51923005860583,18.03170164053103,19.61734675417635,21.206226800761733,23.263438911466622,25.04764831136336,27.08005119649543,29.138917707539157,30.374637604430486,32.414549421918984,34.94421328863577,38.26143143498723,40.532576913199506,40.004233199756854,38.21560937324882,34.93671642164326,29.955069549006623,27.987930416279767,29.29833896570709,31.489038205448818,34.88727017526929,38.96218004569658,40.71291147823808,42.69165718034509,44.39336589915359,46.20236016989621,47.24700981441443,47.80970535328245,48.089857454795386,48.12093210325274,47.7291196164295,48.59577647267642,50.23448483002717,52.34686124222553,55.051760682816976,57.975899547019125,59.89845806588233,60.974185929379594,61.62666935300129,61.926866571603576,62.49007375557185,63.88746939166984,65.9992573324835,68.38714387496364,70.74575387028591,72.43077843908094,73.48689565266307,74.14310924476074,74.39725966449257,74.6706997939112,75.10612340700351
inflow,electricity,grid,lines,Zn,43.39100833725206,45.2535451998636,50.46195059962909,55.8170421595426,61.2578696224291,66.20351934516087,72.89015906125621,81.68118015678914,85.13196148648257,91.90300578691263,100.33268718685275,110.56510686876321,115.87323144647395,115.27513517217535,109.53052936054699,98.58519735852411,81.54338254275793,74.44683399465065,76.85383919555154,82.2492964132186,91.48963273801492,102.88204910284074,105.96902359773566,109.87277168476857,113.98208327805297,118.15988644293911,120.31092114817812,121.06545654852384,120.92739113465798,119.93945440561801,117.75684411514098,119.13821249293565,123.05122632814108,128.64190879561988,135.52611396798503,142.96433324209502,147.26428103701969,149.2197176334284,149.9538423195397,149.5045715713209,150.08825164044643,153.37912612371034,158.59544442195605,164.72318729822285,171.10766115478356,175.50431568584267,178.36876968579554,180.44624801439684,181.65849842979293,183.1759296200309,185.54423179761915
inflow,electricity,grid,substations,Zn,0.0037045502617003585,0.0038447991934827796,0.004267652680732065,0.004673896979692836,0.005148850791053735,0.005555265004633211,0.006022976913142572,0.006501800718020506,0.00678156040221177,0.007305058925183652,0.007986894896174868,0.00885993315401216,0.009479633152684666,0.009409165664202761,0.008982838776488096,0.008138247236597103,0.006867261092228869,0.006369011425051162,0.006703195817540343,0.007276086474032778,0.008151909680633285,0.009170906189337335,0.009546983124048248,0.00994568836007479,0.010292372321675614,0.01066037114933096,0.01087109967596345,0.01097386366515294,0.010993608700508105,0.010937188580932358,0.010777514905782886,0.010911163560108844,0.011243959425250733,0.011717276046200306,0.01231920253000467,0.012967480180664433,0.01334798132451068,0.013519398339674773,0.013582568609770515,0.013555061690138204,0.013614737672347495,0.013913196574523896,0.014396944809925708,0.014977152739821724,0.015581612290459478,0.016033675728219128,0.016344288956931623,0.0165739252020489,0.016704922466924396,0.016832703322381657,0.016992204842695063
inflow,electricity,grid,transformers,Zn,0.08685063042611568,0.08780313770579579,0.09319434084979286,0.09941579712512563,0.1102442562836806,0.11971339960725703,0.1303605542189493,0.1408451027821943,0.14698960145192902,0.1548340992664988,0.16307088731355185,0.17525688472700707,0.18182236043643438,0.17414726648055961,0.162197551574335,0.14521147779244853,0.11986977261197948,0.10802317400949761,0.11127300620077182,0.11778444963667949,0.13003912316986546,0.1468296123735609,0.1554294322220648,0.1668074889006087,0.175937241946948,0.18574926499725805,0.19001315967081198,0.19106453415890295,0.19101397859994876,0.19002160267430965,0.186383052986182,0.18938307878879226,0.19533783788226727,0.20209070767612297,0.21240354316313398,0.22409931412866027,0.23192673001091396,0.23587162301012754,0.23845479628435398,0.24022178482452053,0.24310133834375558,0.24949240091254085,0.2599716471574378,0.27130049108237897,0.28162688073755454,0.2883732718963869,0.29149599763875117,0.29166151043729127,0.2894423099753539,0.2871440045119558,0.2853307402007675
outflow,electricity,grid,lines,Aluminium,429.29804094896014,429.0404273204035,428.1098955718545,437.06009065011807,451.60675568262957,465.03717295979254,478.9694577840406,502.3057103997547,522.9662293310715,539.1676230937323,557.3138270333548,576.4667455228393,587.2748399433095,609.4850076871916,641.7372437456443,677.700966138668,724.3903211139833,759.2354738689758,789.7970085516721,810.7557885974769,834.0520066832086,852.1779394840983,886.4435762948772,923.2748667142707,962.8450513897317,1001.5690196082351,1039.2735512822906,1077.5153140945506,1129.8387971408765,1176.441179464611,1229.7925353043272,1280.527836664631,1331.36798675451,1370.6539712176748,1414.474141511817,1448.0745427953643,1491.7939299146046,1546.7461995968808,1609.5510383636733,1679.1429996598097,1759.2090610092043,1837.6943529990112,1910.5168477913242,1980.4765863970028,2052.5318024427997,2125.991618657484,2202.0452855066246,2281.823699039598,2364.1124852933267,2444.443428800417,2526.4772549404693
outflow,electricity,grid,substations,Aluminium,361.73696525005533,370.9910808199584,380.99891225021895,391.7944093584903,403.40931885377427,415.8727284738365,429.2102769520317,443.44382181601384,458.96136336450166,475.6603752672454,492.63750218160254,510.5594049903121,529.4333318893429,548.8965168825185,569.0744752686983,590.8941092546014,613.7144876641797,637.5584771740537,662.4553810545851,688.4402495349567,715.5530929410334,743.8386269837235,773.345551488526,804.1258665382411,836.2358520951649,869.7365069838754,904.6952173569068,941.1877297759362,979.300677486393,1019.1337489563601,1060.8010811487295,1104.4312387136315,1150.1654554017714,1198.1528813657806,1248.543400013061,1301.4777675651146,1357.0753930631731,1415.4205433814789,1476.5485100622764,1540.4326388719503,1606.9738503773565,1675.994358379062,1747.236613159888,1820.368342079835,1894.994164256714,1970.6733923028169,2046.9428842219409,2123.343539169711,2199.4480710827083,2274.8876622066487,2349.375240035578
outflow,electricity,grid,transformers,Aluminium,39.46698077423033,40.51868330918327,41.64080364144355,42.838485268403645,44.11594802341426,45.47727763668014,46.92721562116401,48.47181741278679,50.11876104835998,51.884017137135245,53.763847410641354,55.77546352147068,57.927780113408595,60.22726285203574,62.67009008582832,65.26899415683253,68.01148902806833,70.88846711885829,73.88835967410589,76.9988901573107,80.2093137998252,83.51295694360662,86.90965240612498,90.40774252943929,94.02540372932972,97.7907427552705,101.74056110651257,105.91760137983073,110.36640269801342,115.12802470657468,120.23416921889141,125.70138819489028,131.52619387608334,137.68179315495476,144.11719292438886,150.75909540845203,157.51669571619453,164.28911128823037,170.97480688348568,177.48194315842093,183.73838264936526,189.70001653810326,195.35616097980017,200.73113113940346,205.8816305963403,210.8901955580467,215.85554728745623,220.88124010966942,226.0642328732402,231.48503118181142,237.20076774996258
outflow,electricity,grid,lines,Asphalt,11.304230995316825,12.343002532389326,13.730358385733066,15.324263840906417,17.138284229266045,19.18360710580253,21.708040718470684,73.65004498644703,76.105610024626,78.76938354002299,81.63367538092679,84.44841723408327,38.267349449069584,41.981615055377645,45.87933997561356,49.9475756511261,54.17369912502061,58.546094611298955,63.05449910363552,67.69039013767677,72.44689220045403,77.31872348249603,82.30183827695784,87.39298022317745,92.58902352238908,97.88633276555662,103.28025529514406,108.76456988699387,114.33128302688627,119.97072980251183,125.67211974863004,131.4245385116414,137.218477995098,143.04778030870418,148.91205063939583,154.81935346185918,160.78899187434922,166.8542484329706,173.06485400731646,179.48891591978725,186.2140762122833,193.3477073755884,201.0160168047508,209.36191334917345,218.54163283450976,228.72017569971194,240.065705840884,252.74305801294554,266.90671205838635,282.69349575365834,300.215470143918
outflow,electricity,grid,substations,Asphalt,0.0,0.0,0.0,0.0,0.0,0.0,0.0,0.0,0.0,0.0,0.0,0.0,0.0,0.0,0.0,0.0,0.0,0.0,0.0,0.0,0.0,0.0,0.0,0.0,0.0,0.0,0.0,0.0,0.0,0.0,0.0,0.0,0.0,0.0,0.0,0.0,0.0,0.0,0.0,0.0,0.0,0.0,0.0,0.0,0.0,0.0,0.0,0.0,0.0,0.0,0.0
outflow,electricity,grid,transformers,Asphalt,0.0,0.0,0.0,0.0,0.0,0.0,0.0,0.0,0.0,0.0,0.0,0.0,0.0,0.0,0.0,0.0,0.0,0.0,0.0,0.0,0.0,0.0,0.0,0.0,0.0,0.0,0.0,0.0,0.0,0.0,0.0,0.0,0.0,0.0,0.0,0.0,0.0,0.0,0.0,0.0,0.0,0.0,0.0,0.0,0.0,0.0,0.0,0.0,0.0,0.0,0.0
outflow,electricity,grid,lines,Co,0.0,0.0,0.0,0.0,0.0,0.0,0.0,0.0,0.0,0.0,0.0,0.0,0.0,0.0,0.0,0.0,0.0,0.0,0.0,0.0,0.0,0.0,0.0,0.0,0.0,0.0,0.0,0.0,0.0,0.0,0.0,0.0,0.0,0.0,0.0,0.0,0.0,0.0,0.0,0.0,0.0,0.0,0.0,0.0,0.0,0.0,0.0,0.0,0.0,0.0,0.0
outflow,electricity,grid,substations,Co,0.0,0.0,0.0,0.0,0.0,0.0,0.0,0.0,0.0,0.0,0.0,0.0,0.0,0.0,0.0,0.0,0.0,0.0,0.0,0.0,0.0,0.0,0.0,0.0,0.0,0.0,0.0,0.0,0.0,0.0,0.0,0.0,0.0,0.0,0.0,0.0,0.0,0.0,0.0,0.0,0.0,0.0,0.0,0.0,0.0,0.0,0.0,0.0,0.0,0.0,0.0
outflow,electricity,grid,transformers,Co,0.0,0.0,0.0,0.0,0.0,0.0,0.0,0.0,0.0,0.0,0.0,0.0,0.0,0.0,0.0,0.0,0.0,0.0,0.0,0.0,0.0,0.0,0.0,0.0,0.0,0.0,0.0,0.0,0.0,0.0,0.0,0.0,0.0,0.0,0.0,0.0,0.0,0.0,0.0,0.0,0.0,0.0,0.0,0.0,0.0,0.0,0.0,0.0,0.0,0.0,0.0
outflow,electricity,grid,lines,Concrete,3057.46931249889,3131.774016460953,3211.8622101529536,3297.903514212253,3390.1317202018704,3488.769208666143,3594.1332219336655,3729.0363938229166,3851.19883659614,3982.7115478150413,4115.60220177258,4255.714083137241,4380.538468842821,4532.643180211693,4690.219018966898,4861.533152425827,5043.980112420571,5231.927953003045,5428.235257016512,5633.481609971361,5848.021439036007,6069.2099398855535,6303.331818769248,6548.488618122013,6805.517610267928,7072.992132530891,7352.630085923152,7645.127798955558,7951.065094081645,8270.783248211468,8607.345979143665,8960.88778467149,9332.779608422548,9724.46225453656,10137.368605218837,10572.819433080744,11031.896966256862,11515.303685042187,12023.221611418818,12555.181671593853,13109.959318494328,13685.512812367937,14278.974341012967,14886.70271310898,15504.402205943063,16127.303705972101,16750.397399691574,17368.703552222065,17977.558325641712,18572.89169643829,19151.474821062686
outflow,electricity,grid,substations,Concrete,708.4112026667242,726.9698922319619,747.0735570061902,768.7857786872012,792.1606965870886,817.240809469655,844.0539409582816,872.6115074875725,903.5917747690855,936.7543092206968,970.365559287038,1005.585139299497,1042.3425489730973,1079.8740669580425,1118.3131767935565,1159.273442329346,1201.4697793815674,1244.8518441184788,1289.3938296886643,1335.0992473676934,1382.0054395508027,1430.1887199982853,1479.7675356277227,1530.904094233581,1583.8068195733072,1638.7291526923345,1695.9679661747955,1755.8590541480235,1818.7710207005027,1885.0958030054458,1955.2358567487854,2029.5878440813,2108.523549176037,2192.3664536028477,2281.366736186309,2375.675268614881,2475.3176492352595,2580.170763948545,2689.9445917840667,2804.1709214293633,2922.2011720058417,3043.2155507453954,3166.244376399507,3290.201721580997,3413.930559744377,3536.2576165888822,3656.0543512710165,3772.300261885618,3884.14341468406,3990.9532782573983,4092.361402099539
outflow,electricity,grid,transformers,Concrete,1302.480480659195,1338.338299730951,1376.5269320223713,1417.1560992944328,1460.2949962889184,1505.999504085592,1554.339451247421,1605.4218457611682,1659.4029248117274,1716.7089551579234,1777.124574128048,1841.1283210083957,1908.9444648247222,1980.7443154801285,2056.401413148814,2136.380534918045,2220.3805583369904,2308.273764402883,2399.9124913166806,2495.1758251642254,2594.023818642101,2696.55434229275,2803.051823034323,2914.0207868044445,3030.2001430374917,3152.54412273631,3282.169576689797,3420.2647238952463,3567.963753253901,3726.1939885566226,3895.51032780457,4075.936369210704,4266.835980439346,4466.836198801183,4673.824446028831,4885.032814507133,5097.212589302195,5306.890386014268,5510.684949186888,5705.649509076466,5889.597854069449,6061.3699578035785,6220.996002325379,6369.729563719563,6509.9384827825725,6644.86248912319,6778.267090693112,6914.041184340865,7055.794153197325,7206.508855717345,7368.29744975048
outflow,electricity,grid,lines,Cu,71.91386546024982,73.50486379053174,75.29141987428099,77.6460646384247,80.43743141497896,83.24792490758998,86.30997985444094,107.84655982959654,111.48752831500467,115.08625384459054,118.83521841255353,122.69933763503957,108.56191719284806,112.73487899801792,117.25260943801383,122.27432335585058,130.27161207534485,135.98944792493313,141.5237853165768,146.5854221283202,151.69667273253026,154.19928691807084,159.33492355573082,164.96934774202992,171.05815323298805,177.27029348843078,183.60771730884738,190.10279969070416,197.29428205040688,204.34812354066452,211.8051156923273,219.62432208268126,227.81843312754566,235.95784411967418,245.08116386497062,254.68759830199866,264.7710686771637,275.32790691155,286.5371400274679,297.9221968746902,309.65032515524933,321.66801527665416,333.90372585983266,346.06931187003534,358.5117134793877,370.9494066016466,383.3121714217238,395.5347936863237,407.5766500954828,419.4647437817331,431.1246130662873
outflow,electricity,grid,substations,Cu,2.508198466946356,2.573617628165553,2.6444745663378333,2.7210047922910023,2.803416837106595,2.891885998823968,2.9865454515603,3.0874814170185196,3.1972386912575,3.315011064799854,3.4345367910750624,3.5601727979245625,3.6917823886696937,3.8267006436017255,3.9655591746409016,4.114416844875102,4.268706619866027,4.428376045591527,4.593443407882499,4.764006183398078,4.940248682799464,5.122452454348814,5.311001129780239,5.506382112295892,5.709194709125847,5.9201489340591005,6.140066936246796,6.369879108513493,6.610618262677029,6.863405640842414,7.129427610954327,7.4099008626024805,7.706026738420016,8.0189278334809,8.349574311842312,8.698700451492792,9.066714598608156,9.453609991610909,9.858886632548458,10.281490263483795,10.7197777681783,11.171518534644742,11.633936466385437,12.103795413682965,12.577527681222648,13.05140064311358,13.52171070375532,13.984992529077045,14.438226045979514,14.87902399075428,15.305784161828052
outflow,electricity,grid,transformers,Cu,161.21159715443696,165.66121913575563,170.3981679165035,175.43486074793438,180.77847607661676,186.43432097705806,192.40920449589052,198.71432478867467,205.3667883294144,212.4168484743491,219.8357852046819,227.68045230929422,235.97678039793632,244.74482413591926,253.9689318843662,263.70747397532983,273.9260212889924,284.61307461041685,295.7562009153243,307.3475034582434,319.38980354694047,331.90296772343214,344.929122154999,358.53597685096895,372.81786188364185,387.8928374681539,403.8959165854288,420.9678186331246,439.23979959383433,458.81533372350145,479.7503914140857,502.03462700002007,525.5763324488579,550.1936666354904,575.614962954043,601.4896697050432,627.4103035638465,652.9443619237892,677.6736049480271,701.2363758174423,723.3677833810331,743.9322866899905,762.9435965395801,780.5682869698453,797.111711739712,812.987380344216,828.6734778653843,844.6624390493389,861.4105212169055,879.2943975171936,898.5806148995131
outflow,electricity,grid,lines,Glass,16.002793446564205,16.38985212163883,16.806388414510717,17.25363594481293,17.73278758926977,18.244982161012196,18.791282239865097,19.372662329934755,20.007202882814802,20.690261823137547,21.380059190471876,22.107837293565034,22.87423392814374,23.662709457931562,24.47942517957098,25.36775692700968,26.314074928412552,27.28887926197293,28.30718224784603,29.37204329016252,30.485337304024924,31.63321048400716,32.848623114359555,34.12162954760861,35.45662714809224,36.846144789937675,38.29920064162159,39.819460607993946,41.40998405324614,43.072583707931045,44.82334868562219,46.66301061054548,48.598780336761635,50.638226873149286,52.78886372396198,55.05759610101193,57.45005129300027,59.96983169759706,62.61777109702285,65.39124505679273,68.28362087066253,71.28393349368774,74.3768411568065,77.54290680765516,80.75922940474177,84.00040469014334,87.23975875663832,90.45078346823924,93.60865202600358,96.69169376768373,99.68270834255975
outflow,electricity,grid,substations,Glass,1.260391376814163e-05,1.2929727744924755e-05,1.3282491702187971e-05,1.366346328130273e-05,1.4073818611862012e-05,1.4514633921290894e-05,1.4986856422467662e-05,1.5491291085594974e-05,1.604184879751223e-05,1.6634865173405395e-05,1.7237987649052194e-05,1.787508561658167e-05,1.8546406168564573e-05,1.9238939122064166e-05,1.995715684526875e-05,2.0734227346096686e-05,2.1547162670533408e-05,2.2396741610579835e-05,2.3283965375579522e-05,2.4210030485785558e-05,2.5176298709455555e-05,2.6184285359029208e-05,2.723563157984126e-05,2.8332079340739883e-05,2.9475507388248998e-05,3.0667949882522854e-05,3.1911660800852635e-05,3.320919262391961e-05,3.456349593887305e-05,3.597800868653576e-05,3.7456719151929876e-05,3.900417863292386e-05,4.0625451216880494e-05,4.232595549300793e-05,4.4111216508546414e-05,4.598651822675e-05,4.795646816206388e-05,5.002450064902702e-05,5.219237418341237e-05,5.445969453399961e-05,5.6823522908925634e-05,5.92781303090551e-05,6.18149358073488e-05,6.442266083719824e-05,6.708771838927846e-05,6.979482374076033e-05,7.252778813554646e-05,7.527044630869527e-05,7.800763462965094e-05,8.072613514092651e-05,8.341550563873605e-05
outflow,electricity,grid,transformers,Glass,0.0,0.0,0.0,0.0,0.0,0.0,0.0,0.0,0.0,0.0,0.0,0.0,0.0,0.0,0.0,0.0,0.0,0.0,0.0,0.0,0.0,0.0,0.0,0.0,0.0,0.0,0.0,0.0,0.0,0.0,0.0,0.0,0.0,0.0,0.0,0.0,0.0,0.0,0.0,0.0,0.0,0.0,0.0,0.0,0.0,0.0,0.0,0.0,0.0,0.0,0.0
outflow,electricity,grid,lines,Mn,0.0,0.0,0.0,0.0,0.0,0.0,0.0,0.0,0.0,0.0,0.0,0.0,0.0,0.0,0.0,0.0,0.0,0.0,0.0,0.0,0.0,0.0,0.0,0.0,0.0,0.0,0.0,0.0,0.0,0.0,0.0,0.0,0.0,0.0,0.0,0.0,0.0,0.0,0.0,0.0,0.0,0.0,0.0,0.0,0.0,0.0,0.0,0.0,0.0,0.0,0.0
outflow,electricity,grid,substations,Mn,0.0,0.0,0.0,0.0,0.0,0.0,0.0,0.0,0.0,0.0,0.0,0.0,0.0,0.0,0.0,0.0,0.0,0.0,0.0,0.0,0.0,0.0,0.0,0.0,0.0,0.0,0.0,0.0,0.0,0.0,0.0,0.0,0.0,0.0,0.0,0.0,0.0,0.0,0.0,0.0,0.0,0.0,0.0,0.0,0.0,0.0,0.0,0.0,0.0,0.0,0.0
outflow,electricity,grid,transformers,Mn,0.0,0.0,0.0,0.0,0.0,0.0,0.0,0.0,0.0,0.0,0.0,0.0,0.0,0.0,0.0,0.0,0.0,0.0,0.0,0.0,0.0,0.0,0.0,0.0,0.0,0.0,0.0,0.0,0.0,0.0,0.0,0.0,0.0,0.0,0.0,0.0,0.0,0.0,0.0,0.0,0.0,0.0,0.0,0.0,0.0,0.0,0.0,0.0,0.0,0.0,0.0
outflow,electricity,grid,lines,Nd,0.0,0.0,0.0,0.0,0.0,0.0,0.0,0.0,0.0,0.0,0.0,0.0,0.0,0.0,0.0,0.0,0.0,0.0,0.0,0.0,0.0,0.0,0.0,0.0,0.0,0.0,0.0,0.0,0.0,0.0,0.0,0.0,0.0,0.0,0.0,0.0,0.0,0.0,0.0,0.0,0.0,0.0,0.0,0.0,0.0,0.0,0.0,0.0,0.0,0.0,0.0
outflow,electricity,grid,substations,Nd,0.0,0.0,0.0,0.0,0.0,0.0,0.0,0.0,0.0,0.0,0.0,0.0,0.0,0.0,0.0,0.0,0.0,0.0,0.0,0.0,0.0,0.0,0.0,0.0,0.0,0.0,0.0,0.0,0.0,0.0,0.0,0.0,0.0,0.0,0.0,0.0,0.0,0.0,0.0,0.0,0.0,0.0,0.0,0.0,0.0,0.0,0.0,0.0,0.0,0.0,0.0
outflow,electricity,grid,transformers,Nd,0.0,0.0,0.0,0.0,0.0,0.0,0.0,0.0,0.0,0.0,0.0,0.0,0.0,0.0,0.0,0.0,0.0,0.0,0.0,0.0,0.0,0.0,0.0,0.0,0.0,0.0,0.0,0.0,0.0,0.0,0.0,0.0,0.0,0.0,0.0,0.0,0.0,0.0,0.0,0.0,0.0,0.0,0.0,0.0,0.0,0.0,0.0,0.0,0.0,0.0,0.0
outflow,electricity,grid,lines,Ni,0.0,0.0,0.0,0.0,0.0,0.0,0.0,0.0,0.0,0.0,0.0,0.0,0.0,0.0,0.0,0.0,0.0,0.0,0.0,0.0,0.0,0.0,0.0,0.0,0.0,0.0,0.0,0.0,0.0,0.0,0.0,0.0,0.0,0.0,0.0,0.0,0.0,0.0,0.0,0.0,0.0,0.0,0.0,0.0,0.0,0.0,0.0,0.0,0.0,0.0,0.0
outflow,electricity,grid,substations,Ni,0.0018905870652212444,0.0019394591617387128,0.0019923737553281954,0.0020495194921954095,0.0021110727917793013,0.002177195088193634,0.0022480284633701487,0.0023236936628392457,0.0024062773196268355,0.0024952297760108097,0.0025856981473578286,0.00268126284248725,0.002781960925284686,0.0028858408683096245,0.002993573526790312,0.0031101341019145025,0.003232074400580011,0.003359511241586974,0.0034925948063369277,0.0036315045728678346,0.003776444806418334,0.00392764280385438,0.004085344736976189,0.004249811901110982,0.004421326108237349,0.0046001924823784275,0.0047867491201278945,0.004981378893587941,0.0051845243908309555,0.005396701302980363,0.005618507872789481,0.005850626794938579,0.006093817682532075,0.00634889332395119,0.006616682476281962,0.006897977734012498,0.007193470224309583,0.007503675097354053,0.007828856127511854,0.008168954180099941,0.008523528436338846,0.008891719546358267,0.009272240371102315,0.009663399125579732,0.010063157758391766,0.010469223561114046,0.010879168220331964,0.011290566946304292,0.011701145194447647,0.012108920271138976,0.012512325845810407
outflow,electricity,grid,transformers,Ni,0.0,0.0,0.0,0.0,0.0,0.0,0.0,0.0,0.0,0.0,0.0,0.0,0.0,0.0,0.0,0.0,0.0,0.0,0.0,0.0,0.0,0.0,0.0,0.0,0.0,0.0,0.0,0.0,0.0,0.0,0.0,0.0,0.0,0.0,0.0,0.0,0.0,0.0,0.0,0.0,0.0,0.0,0.0,0.0,0.0,0.0,0.0,0.0,0.0,0.0,0.0
outflow,electricity,grid,lines,Pb,4.196154438155915,4.581748628271335,5.09673805335666,5.688399127205685,6.3617673294897745,7.120995504267519,8.058070596948827,27.33905236617123,28.25056329844109,29.23936165752504,30.302592842853933,31.347430968001845,14.204920997607072,15.583664241163962,17.030507969811637,18.540645651210614,20.109391617081627,21.732434063110976,23.405963339658626,25.126815889943423,26.892439509019265,28.700873578046735,30.550616322093987,32.44045897320061,34.36924122825803,36.33561361574823,38.337849059359954,40.373638227536695,42.44001391090495,44.53338847358762,46.64975647208063,48.78506647525923,50.93578905762555,53.0996383972865,55.27646793879819,57.46927123220928,59.68521362839118,61.93664968251616,64.24203959848867,66.62666495833582,69.12305867325179,71.77107763875871,74.61757030665122,77.71558474388078,81.1231160191509,84.90141264414672,89.11289741253422,93.81875733373542,99.07633565179202,104.9364231265231,111.44061705474368
outflow,electricity,grid,substations,Pb,5.041565507256652e-07,5.171891097969901e-07,5.312996680875188e-07,5.465385312521091e-07,5.629527444744804e-07,5.805853568516358e-07,5.994742568987064e-07,6.196516434237989e-07,6.416739519004894e-07,6.653946069362157e-07,6.895195059620878e-07,7.150034246632668e-07,7.418562467425828e-07,7.695575648825666e-07,7.982862738107498e-07,8.293690938438672e-07,8.618865068213364e-07,8.958696644231932e-07,9.313586150231808e-07,9.684012194314227e-07,1.0070519483782225e-06,1.047371414361168e-06,1.0894252631936507e-06,1.133283173629595e-06,1.17902029552996e-06,1.226717995300914e-06,1.276466432034105e-06,1.3283677049567845e-06,1.382539837554922e-06,1.4391203474614302e-06,1.498268766077195e-06,1.5601671453169543e-06,1.6250180486752194e-06,1.6930382197203172e-06,1.7644486603418567e-06,1.8394607290699997e-06,1.918258726482555e-06,2.000980025961081e-06,2.0876949673364944e-06,2.178387781359984e-06,2.2729409163570257e-06,2.3711252123622044e-06,2.4725974322939503e-06,2.5769064334879284e-06,2.6835087355711376e-06,2.791792949630413e-06,2.901111525421856e-06,3.0108178523478108e-06,3.1203053851860385e-06,3.2290454056370613e-06,3.3366202255494435e-06
outflow,electricity,grid,transformers,Pb,0.0007438979116628631,0.0007649176087260719,0.0007871928954042833,0.0008107219066765833,0.0008354670412791605,0.0008613702600082877,0.0008883684049974074,0.0009164069648377555,0.0009454484266311583,0.0009755924814975681,0.001006599243506141,0.001038604743633985,0.0010716316618160106,0.0011057112756030188,0.0011407714556856455,0.00117712427551411,0.001214761264350577,0.0012538566564491678,0.0012946613714328308,0.0013375117577410648,0.0013828299593205283,0.0014311154396411852,0.0014829256922544798,0.0015388478280689403,0.0015994647657744084,0.0016653140661599874,0.0017368435263629416,0.0018143622023995805,0.001897989373224404,0.001987602032575249,0.0020827848906110596,0.0021827888282716403,0.002286506490321847,0.0023924725932187507,0.002498899661787356,0.0026037550887332934,0.002704880686889376,0.0028001505745454177,0.0028876557074863345,0.0029658958077227664,0.0030339550045147593,0.003091636319546374,0.0031395320711624514,0.0031790141893953037,0.003212138805888428,0.0032414721626773052,0.003269856488901407,0.003300145020787487,0.003334940385667784,0.0033763707960389275,0.0034259327445189413
outflow,electricity,grid,lines,Plastics,87.22172973140708,85.21632812571636,82.8172959950879,84.1385888252776,87.40518846691256,90.14480404669612,92.94611630076894,104.79683447237177,109.74094872366578,112.87699148105037,116.58577049118625,120.48218124295167,115.4054980827858,120.22618370684545,128.6382883481256,138.28380464038125,151.82442313497705,160.60839797185056,167.53677363909705,170.52661392333454,174.17637593422046,175.62119127734724,182.99156682031742,191.07545030653444,199.92069598203184,208.17745228886923,215.7405046844025,223.19582936131752,235.75755378113442,245.77744768517465,257.99477097647474,268.7956373500626,279.19254729594024,284.64754209457817,291.3313252642503,293.5109158220271,298.9855137377965,308.15423318137186,319.69847818119814,333.19864231435713,350.0936108991996,365.77505143603685,378.72893141798295,390.11218636395586,401.9413824459266,414.06409724623586,427.06564931424344,441.5129431730047,457.0663683704522,472.1230489371093,488.1939651977448
outflow,electricity,grid,substations,Plastics,0.07613646189921315,0.07810460638876696,0.08023554762540687,0.0825368826433654,0.08501571608867485,0.0876785491283419,0.09053110359120041,0.09357824206075356,0.09690399603113217,0.10048623005298997,0.10412951199162958,0.1079780296840849,0.11203327574244801,0.11621665955465299,0.12055519735521492,0.12524924712956625,0.13015994554389115,0.13529199704702957,0.14065144964426318,0.14624553115548486,0.1520824676142082,0.15817141256828773,0.16452227968434713,0.1711455916736074,0.17805269748019575,0.1852558848553558,0.19276876939971052,0.20060676988331116,0.20878770991795048,0.2173323570727565,0.2262648033810628,0.23561254186790315,0.24540616316580993,0.255678399346613,0.26646262556317635,0.2777907606523287,0.2896906372265793,0.3021830010705775,0.3152784747297389,0.32897467677153147,0.34325385483594717,0.35808140175790926,0.3734054827314518,0.38915796731926333,0.4052567804741144,0.42160959177081087,0.4381186097903952,0.45468618501693564,0.47122071850733244,0.48764236454579474,0.5038880449119129
outflow,electricity,grid,transformers,Plastics,0.0,0.0,0.0,0.0,0.0,0.0,0.0,0.0,0.0,0.0,0.0,0.0,0.0,0.0,0.0,0.0,0.0,0.0,0.0,0.0,0.0,0.0,0.0,0.0,0.0,0.0,0.0,0.0,0.0,0.0,0.0,0.0,0.0,0.0,0.0,0.0,0.0,0.0,0.0,0.0,0.0,0.0,0.0,0.0,0.0,0.0,0.0,0.0,0.0,0.0,0.0
outflow,electricity,grid,lines,Steel,810.5843895230792,830.0002144102488,850.9670162213447,873.716839844649,898.2479036481006,924.3446467361143,952.1588063743496,983.667556643295,1016.0821014513061,1050.7417459412366,1085.8566016685843,1122.8911296657964,1160.011717651979,1200.0382007810358,1241.651809126897,1286.911021026974,1336.548252665684,1386.321199565747,1438.0913015843696,1491.844981909536,1547.9564237520653,1604.334727771858,1665.380996298095,1729.473095819081,1796.7996381519904,1866.8289446946567,1939.9950312383514,2016.4934715670774,2096.764449184393,2180.448933230949,2268.610578534291,2361.2680381794257,2458.778482715503,2561.2782402828666,2669.6932047778864,2784.090021372981,2904.7407148980533,3031.820966461017,3165.471223747464,3305.311027982841,3451.1129498163455,3602.320298532373,3758.1539311343886,3917.518370248416,4079.4912708507504,4242.688054182907,4405.774176902951,4567.423110270765,4726.400167408085,4881.657192540586,5032.305279099194
outflow,electricity,grid,substations,Steel,22.32762794050528,22.905753797960557,23.53153499875699,24.207044295544385,24.93414533790734,25.714445607859965,26.54922639678891,27.43940672274445,28.40788473379609,29.447753432247428,30.503542067486688,31.614505266796357,32.779900331485514,33.97649876892073,35.210495175132564,36.536481116173256,37.91431813948597,39.34407816366637,40.82639742272609,42.36251922125616,43.95432970109708,45.604420586794085,47.316108248551544,49.09343285115299,50.94122679082218,52.86511370524194,54.87154484950351,56.967805741166515,59.162019660720574,61.46309217811554,63.880582471926665,66.42447689232651,69.10486355142325,71.9314425866611,74.91292987840991,78.05635351381645,81.36626865229952,84.84395237500924,88.48666973238693,92.28706529516877,96.23276735484522,100.30629494685192,104.48531496071519,108.74328176492766,113.05046479070518,117.37532558292213,121.68615547117996,125.95287227487029,130.14882325953104,134.25244292568664,138.24862547179157
outflow,electricity,grid,transformers,Steel,787.5522375378935,809.0778520250836,832.0106734340317,856.4246393245828,882.3704259628065,909.8917341654635,939.0415986507858,969.8962269306594,1002.5620415187997,1037.3090015808602,1074.0182525047558,1112.9898425711974,1154.3677659871892,1198.2606049078786,1244.5919444981084,1293.6371540551668,1345.2007938813874,1399.18470090745,1455.471237335188,1513.9528465068151,1574.5671846377197,1637.3347244343302,1702.3920281617757,1770.0159583288305,1840.6358812499093,1914.8248580269,1993.2692643106855,2076.713715857685,2165.8839326464167,2261.391814291907,2363.631947525549,2472.681679020873,2588.2194963692655,2709.4747012468015,2835.222472481059,2963.832164370659,3093.3708210272816,3221.756663157432,3346.9498743408644,3467.159435039407,3581.0407151698673,3687.857135599723,3787.581001457556,3880.9158130048877,3969.233059503748,4054.4288410225113,4138.717997446423,4224.3942318875625,4313.589691780206,4408.067855577143,4509.077878449632
outflow,electricity,grid,lines,Wood,173.26335539774743,176.50247423541407,179.71299131731342,184.05427507312544,189.45670383875537,194.53137952955836,199.79301753293913,205.5062699273792,212.34243741647902,218.5632199838625,225.20870896607403,232.16028466289555,239.40569756538508,246.26423988335762,254.11895330148087,262.926148605634,279.767006134369,290.20282661393236,299.8986026229259,308.1253275784086,316.3261079418868,317.1514293185079,325.07919001279436,334.20228904231044,344.38686674740666,354.7061237031492,365.1534528970368,375.8073502780977,388.147355862529,399.8617837727267,412.4406340531893,425.7686206992954,439.8801028798236,453.5874564928184,469.7587424453095,487.00423230302636,505.2949710532614,524.5996455958026,545.3800943846927,566.2723772468328,587.6757186271606,609.3622292391099,631.0369193537402,651.7898848145712,672.451966110995,692.1063507546172,710.413581422788,727.0468956231987,741.7525164832208,754.4752715787117,764.8981311307778
outflow,electricity,grid,substations,Wood,0.757495217465312,0.7770766374699777,0.7982777513014969,0.821174143206294,0.8458364985729069,0.8723294986695826,0.9007100709903066,0.9310265942442577,0.9641151127304853,0.9997553969216642,1.0360030577080368,1.0742926455565585,1.1146390107307307,1.1562602412360563,1.1994251264006517,1.246127063500411,1.294984476499058,1.3460441707958477,1.399366319072329,1.4550228321957124,1.5130955524382788,1.5736755500776551,1.6368614579484604,1.7027579683784668,1.7714779940337646,1.8431437879396233,1.9178908141312436,1.9958724766975684,2.0772661059262703,2.1622783220607986,2.251148821030985,2.344151135838724,2.4415896181345174,2.543789925129776,2.6510841121636397,2.7637897454276747,2.8821837365400387,3.006472489006523,3.136761688423082,3.2730276414933765,3.4150937268264308,3.5626156315742126,3.7150776420216616,3.871801916315613,4.031971875195635,4.194668906819695,4.3589200669463395,4.523753823152588,4.688258841242023,4.851640721969682,5.0132718888880365
outflow,electricity,grid,transformers,Wood,6.73886065822694,6.924556935518247,7.122349349661027,7.332813061639939,7.556315614401717,7.793158262051564,8.043717562628025,8.30856590110256,8.588533843053138,8.885855451069833,9.199436081806164,9.531781417095093,9.884074217494517,10.257215736760177,10.650551521662013,11.066481310939674,11.503413249371716,11.960637175892801,12.4373220478195,12.932761585062131,13.446661521320776,13.979442532029674,14.532502291671769,15.10839877384857,15.710932508658193,16.34505361822561,17.016591303418064,17.731780159131667,18.49660617489102,19.316007936967154,20.193010151627515,21.12789105602099,22.117507694676128,23.154888038428567,24.229209351618493,25.326229052443338,26.4291845314533,27.520117092645,28.581511485970662,29.59806915453988,30.558398590547803,31.45639413831392,32.29209007941613,33.071838509485545,33.80775138140175,34.516453211196655,35.21729681377614,35.930287264147154,36.67400227553965,37.46380055446297,38.31056081913325
outflow,electricity,grid,lines,Zn,13.134987781037655,13.452682999977153,13.794573254044366,14.161671090133733,14.554955613627719,14.97536155486637,15.423761072392693,15.900954032778188,16.421780751968377,16.98243104498294,17.54861219464176,18.14596768281671,18.77502100805232,19.422196545497858,20.09255144698028,20.82168831218305,21.59841991388171,22.398532909964093,23.23434931423751,24.10838026552327,25.0221646818262,25.964331450621472,26.96193415679307,28.006809478201315,29.10256674262016,30.243073698991246,31.4357324007838,32.68355179862704,33.98904299856044,35.353693877918786,36.790710275476485,38.300692703594095,39.889559783935674,41.56352410928806,43.32875271460627,45.19091335240377,47.154624864295705,49.22284407463506,51.39625534639359,53.67270456097898,56.046747636658715,58.509384536542626,61.04802283732407,63.64670873405348,66.28664520225044,68.94698059382492,71.60582114087964,74.24140913945764,76.8333669160084,79.36390733325615,81.8189124562734
outflow,electricity,grid,substations,Zn,0.0010347813203644277,0.0010615306478583223,0.0010904925687496327,0.0011217703353949542,0.0011554605080338711,0.0011916514449379822,0.0012304209122845952,0.0012718349981273472,0.0013170357862757548,0.0013657224307365829,0.0014152387859871851,0.001467544529121355,0.0015226599464391514,0.0015795169019214678,0.001638482576996564,0.001702280065114538,0.001769022055250793,0.0018387724862286045,0.0019116135573350786,0.0019876435028829947,0.002066974124046302,0.0021497298279762977,0.002236045352704968,0.0023260637138747438,0.0024199391565752426,0.0025178386853551265,0.0026199473517500007,0.0027264747144238005,0.0028376630165814773,0.0029537945131645855,0.0030751966423734427,0.00320224306576305,0.0033353495449058882,0.0034749609459759517,0.003621530875351661,0.0037754931464161747,0.003937226036105445,0.004107011503285118,0.004284993920458154,0.004471140921241368,0.004665211230822794,0.004866734498373426,0.0050750062297833355,0.005289100454733975,0.0055079016797597614,0.005730155029116422,0.005954531405928361,0.006179703641943883,0.006404426803094344,0.0066276156950700665,0.00684841301294023
outflow,electricity,grid,transformers,Zn,0.033475406151151126,0.03442129252256489,0.035423680426867,0.036482485938116,0.037596016999433976,0.038761661846643355,0.03997657837573834,0.041238313573315276,0.04254517935894997,0.04390166183305721,0.04529696612870829,0.046737213639896164,0.048223424963695666,0.049757007589898136,0.05133471569956993,0.05297059259802396,0.05466425710205619,0.0564235497531316,0.05825976193432553,0.06018802932547254,0.062227348404243946,0.06440019502687293,0.06673165640326915,0.06924815252441609,0.07197591473145559,0.0749391332599886,0.07815795898126804,0.08164629941608036,0.08540952211739826,0.08944209180340353,0.09372532043117814,0.09822549764288604,0.10289279245275781,0.10766126710111266,0.11245048520477247,0.11716897943514523,0.12171963136934129,0.12600677633004104,0.1299445073272417,0.13346531185116714,0.13652797571836406,0.13912363490458168,0.14127894373543845,0.14305563906262123,0.1445462468104367,0.1458662478709174,0.14714354255582185,0.1485065264958389,0.15007231792136091,0.1519366863950977,0.15416697408511443
stock,electricity,grid,lines,Aluminium,33911.61880904865,34827.44229648902,35954.11676396414,37204.86671791158,38711.092551436675,40464.705755446164,42174.22700156437,44013.904909519595,46231.42774914853,48971.839070288894,51173.86004727973,53825.397156153966,56845.36066042179,60530.05823515455,64014.253774293844,65945.57712157264,67538.42292780447,68702.0037351341,69588.37500810197,71776.39573393563,73970.13623743682,76332.17502461142,78859.25885983437,81451.78904121093,84095.92402289546,86827.89950922794,89667.55640655162,92685.67918517222,95422.81092540565,97986.42779591656,100496.87870248948,102973.0545228647,105425.55731574936,108150.50289222869,111065.66122165462,114157.86488763681,117438.15671576848,120792.0971873493,123916.6286113955,126844.78094521942,129751.34363733561,132632.97785835704,135714.66322314006,138979.22364500113,142353.02003289358,145836.2018662584,149324.16036275422,152701.5742237375,156005.23283045238,159279.85542906146,162517.6457230784
stock,electricity,grid,substations,Aluminium,30865.231676357085,31687.69249740382,32726.841450421107,33890.02965942123,35328.432276700056,36958.26024130455,38540.66415791886,40220.44845695728,42133.03217391612,44329.42591255659,46370.719038167656,48770.28956054717,51526.33201927981,54822.22854198345,57960.994988147315,59742.14551314654,61274.74745812856,62452.70293065485,63452.79459391808,65610.63015747642,67842.1314545342,70218.52689697758,72742.40259116801,75333.55115062326,77991.0757767384,80759.11842996861,83567.79549936915,86563.47354835723,89329.3482302378,91962.613571432,94563.75933845564,97069.51283435595,99573.99415000509,102349.28480926919,105319.24920328613,108473.29250067976,111748.17788782361,115090.74510401615,118240.53526905073,121213.2946554785,124180.85667594025,127107.84258167788,130241.7858458476,133577.7026764035,137051.11459232282,140668.7728677658,144273.05968679104,147810.28526772617,151296.01460541648,154770.33187480914,158214.39930462418
stock,electricity,grid,transformers,Aluminium,2089.174072157992,2144.8834381753645,2215.2357443273727,2294.0441434358113,2391.503890051553,2501.8267912156653,2608.846697419955,2722.4459201403747,2851.870777303214,3000.551374853008,3138.695728415193,3301.2258024896855,3488.0738034990186,3711.4722097649437,3924.357172953432,4045.415567800725,4149.600345136548,4229.758717183632,4297.95447294987,4444.6971719560015,4596.53186063315,4758.209473632574,4929.823388857366,5105.920608307778,5286.412272605962,5474.306099099741,5665.094902362019,5868.498406198873,6056.487525419334,6235.512693680469,6412.275675188548,6582.706319932685,6753.080575591759,6941.8420933381585,7143.853350737067,7358.367925275056,7581.0877285262295,7808.359203040175,8022.53368213318,8224.765753871365,8426.607693147838,8625.619264265264,8838.605493619802,9065.236688503073,9301.12244060984,9546.762850988376,9791.496775427797,10031.69306122756,10268.446029220102,10504.49210171152,10738.53855480724
stock,electricity,grid,lines,Asphalt,3525.9591399623273,3617.517185419498,3762.2923389649236,3933.859441638673,4212.232574796648,4456.775593443618,4690.691605649215,4893.858247847991,4923.794562431462,4647.1851788689855,4915.48822792396,5138.758308249069,5413.340363381486,5656.152075103575,5935.7951338934145,6118.616762342324,6366.957849421656,6618.383616030293,6958.787432640303,7349.448434597582,7914.814857840232,8567.810455635074,9241.137418324022,9938.10181858788,10679.868303552497,11486.158930653444,12195.119410526979,12966.587207143471,13758.335716959296,14593.562579108755,15453.948643868855,16186.89425281785,16952.72904300687,17789.532769479225,18680.78539583381,19627.903023429775,20526.63043006674,21468.410449332685,22410.743933281134,23330.16301445513,24266.7291070806,25155.778153302897,26107.41104569786,27140.019901888376,28247.867848434515,29441.090680388246,30594.80242523785,31808.235864012466,33032.85839245515,34270.24198302586,35497.907280114356
stock,electricity,grid,substations,Asphalt,0.0,0.0,0.0,0.0,0.0,0.0,0.0,0.0,0.0,0.0,0.0,0.0,0.0,0.0,0.0,0.0,0.0,0.0,0.0,0.0,0.0,0.0,0.0,0.0,0.0,0.0,0.0,0.0,0.0,0.0,0.0,0.0,0.0,0.0,0.0,0.0,0.0,0.0,0.0,0.0,0.0,0.0,0.0,0.0,0.0,0.0,0.0,0.0,0.0,0.0,0.0
stock,electricity,grid,transformers,Asphalt,0.0,0.0,0.0,0.0,0.0,0.0,0.0,0.0,0.0,0.0,0.0,0.0,0.0,0.0,0.0,0.0,0.0,0.0,0.0,0.0,0.0,0.0,0.0,0.0,0.0,0.0,0.0,0.0,0.0,0.0,0.0,0.0,0.0,0.0,0.0,0.0,0.0,0.0,0.0,0.0,0.0,0.0,0.0,0.0,0.0,0.0,0.0,0.0,0.0,0.0,0.0
stock,electricity,grid,lines,Co,0.0,0.0,0.0,0.0,0.0,0.0,0.0,0.0,0.0,0.0,0.0,0.0,0.0,0.0,0.0,0.0,0.0,0.0,0.0,0.0,0.0,0.0,0.0,0.0,0.0,0.0,0.0,0.0,0.0,0.0,0.0,0.0,0.0,0.0,0.0,0.0,0.0,0.0,0.0,0.0,0.0,0.0,0.0,0.0,0.0,0.0,0.0,0.0,0.0,0.0,0.0
stock,electricity,grid,substations,Co,0.0,0.0,0.0,0.0,0.0,0.0,0.0,0.0,0.0,0.0,0.0,0.0,0.0,0.0,0.0,0.0,0.0,0.0,0.0,0.0,0.0,0.0,0.0,0.0,0.0,0.0,0.0,0.0,0.0,0.0,0.0,0.0,0.0,0.0,0.0,0.0,0.0,0.0,0.0,0.0,0.0,0.0,0.0,0.0,0.0,0.0,0.0,0.0,0.0,0.0,0.0
stock,electricity,grid,transformers,Co,0.0,0.0,0.0,0.0,0.0,0.0,0.0,0.0,0.0,0.0,0.0,0.0,0.0,0.0,0.0,0.0,0.0,0.0,0.0,0.0,0.0,0.0,0.0,0.0,0.0,0.0,0.0,0.0,0.0,0.0,0.0,0.0,0.0,0.0,0.0,0.0,0.0,0.0,0.0,0.0,0.0,0.0,0.0,0.0,0.0,0.0,0.0,0.0,0.0,0.0,0.0
stock,electricity,grid,lines,Concrete,251011.5279379763,257740.88827485614,266121.7991793242,275508.9227786353,286765.28745760396,299840.22647760564,312500.0201705766,326165.696079438,342735.39181813825,363394.78862523485,379884.95414133056,399755.5272102959,422590.6264876797,450453.48567161325,476806.5624784533,491810.3553548942,504239.1375600617,513499.25698021974,520704.3143904217,537933.7868656178,554939.9748416235,572809.1817643496,591938.780286396,611450.5777264074,631269.9731556971,651709.2055660915,673105.6613655238,695809.593970532,716478.7280940694,735768.2007137926,754555.2118841644,773229.3445137857,791725.1189322979,812265.6509480318,834281.3951683537,857659.243688487,882357.6366610553,907413.4427283426,930717.1811051695,952614.9088253848,974315.60772699,995842.5800144128,1018822.7635530179,1043130.5494156074,1068226.5269301422,1094146.2145092732,1120146.2383406127,1145264.8515251563,1169900.3123060314,1194407.72713245,1218740.291742867
stock,electricity,grid,substations,Concrete,58076.7310992832,59561.2145847885,61487.6378394905,63549.74231294867,66093.40617588305,69143.28135182876,72251.56818820605,75561.49262576253,79204.70531952418,83306.59041235005,87179.87203252834,91517.03270322006,96223.78961433032,101918.55030949699,107125.92243347096,109677.82065541715,111845.54726407403,113384.19883745177,114475.10421868775,117447.41161864574,120394.00612805234,123555.0107763053,127058.12603063934,130802.69479000187,134827.0366064899,139181.36599971246,143380.72996320497,147998.25285569683,151961.82413946113,155657.81440701976,159436.71637245204,162838.6739250839,166192.57986341172,169964.67244347144,173986.46459310304,178284.19681972777,182767.75350011617,187425.21407129348,191800.28625983873,195778.66126583476,199811.5546157983,203902.14005309163,208436.59861963528,213392.89694979656,218690.34814487956,224273.01526447805,229832.96029512634,235263.94210909726,240531.13730933142,245673.07121256302,250681.16789219467
stock,electricity,grid,transformers,Concrete,50601.86919111153,51952.08421985981,53664.580037944754,55586.08476156674,57959.223494768245,60649.477183805495,63259.49048870667,66030.30097041196,69177.88537700263,72798.08518721702,76157.1458222754,80099.24915976415,84631.70787556985,90074.92416205409,95259.32722516284,98211.22554818045,100746.58566882844,102691.79025109622,104331.23206959186,107887.12018445932,111559.56595131016,115474.23325045324,119646.50689403711,123920.45883208909,128303.04865749233,132869.68498372633,137510.60706541943,142460.2834591164,147034.63148417673,151390.039056196,155683.63235194967,159823.86317329097,163959.82169303834,168543.02603592144,173449.1603043613,178660.7020150656,184072.23694268332,189594.5098120138,194792.880631663,199701.4384375191,204593.72711317634,209415.56572253135,214573.79458147855,220061.4635396268,225773.5852789913,231722.72506402343,237649.52265594897,243467.09271470076,249200.83737917652,254917.08527610745,260586.73679860923
stock,electricity,grid,lines,Cu,6299.936129092113,6446.502049824114,6657.3842482981645,6887.806122097526,7176.876380323384,7512.613449289146,7835.847098782221,8164.654856233814,8501.446082403305,8855.435967466768,9260.653565211544,9685.564002223586,10176.815083228725,10748.623277096047,11264.84392935064,11499.444079549909,11711.557222601836,11860.625801731849,11985.894539548444,12287.321362564164,12630.852425424551,13027.99921993644,13459.676335534597,13915.019110514731,14403.955913058953,14935.243942938023,15429.683986819255,15973.040225755696,16458.634411096533,16929.320776613244,17409.187963807068,17826.7568725188,18245.04205564478,18713.36137959683,19212.493533722638,19744.791142618436,20280.674827915424,20839.26643969391,21371.55044043638,21862.102796672116,22357.41008238219,22849.879467300078,23391.020119687484,23983.117144600503,24618.507628275707,25294.86539050106,25963.34818958523,26636.075063585635,27295.630597553863,27945.033803846512,28578.85317318803
stock,electricity,grid,substations,Cu,209.74506045780106,215.20526352433086,222.22506862207499,229.89422329098323,239.3581447415438,250.43730222131273,261.49963175169444,273.2649105527671,286.38120507810436,301.28322788754116,315.24966548534735,331.1989007783159,348.9493802732778,370.3650207518862,390.30671882401913,400.79571566334886,409.752050038032,416.3601437843485,421.4911832241705,433.9038690513091,446.4622285716315,459.89268006442876,474.4952481255637,489.77830274302596,505.8380338519262,522.9117923695605,539.7909906894647,558.0851653806967,574.354413694753,589.6812080983889,605.0718427174266,619.4051073780319,633.6289326911992,649.5077171969072,666.4720573151113,684.5468251306238,703.3593357420514,722.7292904864006,740.9415084248599,757.8177540553338,774.7774117922222,791.7350600470035,810.2074902771692,830.1368122370152,851.1719472349616,873.2175000609495,895.1764173844522,916.6753035366958,937.6847337123061,958.4007466245446,978.7557130301016
stock,electricity,grid,transformers,Cu,5824.124135374543,5979.443808214826,6176.525873078253,6397.53734226497,6670.479618682279,6980.137226349606,7280.764925631086,7599.928838558354,7962.297336458075,8378.971353012917,8765.66386321835,9219.1522176119,9740.171472611613,10366.034958025255,10961.832815155,11300.516225956935,11591.356153260536,11814.305748100818,12001.868964956982,12409.62642301589,12830.554674686577,13279.289261878117,13757.802012529479,14248.162333212114,14751.247674631759,15275.69728612414,15808.383397187885,16376.705990775981,16901.515743027143,17401.09677442454,17893.747363989805,18368.47084914016,18842.63231659796,19368.14718434281,19930.672124863784,20528.256054952406,21148.80344648636,21782.16252592695,22378.338486327684,22941.06782629106,23501.99896561833,24055.00430141258,24646.798431822288,25276.56609172804,25932.28332522998,26615.30158208893,27295.75084909426,27963.626007359922,28621.758799047562,29277.732067538484,29928.239031631074
stock,electricity,grid,lines,Glass,1307.4966990012506,1342.5565356307739,1386.1463862977603,1434.9468259366047,1493.2887183162416,1561.2473344323994,1627.055120134389,1698.2112475036377,1785.0129670187657,1893.9999291216752,1979.8068520734817,2083.44628793731,2202.504237664523,2347.999556559822,2485.489861042394,2563.7110032076585,2628.2726367274545,2676.2136136051513,2713.1642872407265,2802.5507618166084,2890.34306240133,2982.4477175938314,3081.1112731807675,3181.721383938829,3283.8356149943515,3389.0432155096687,3499.5054391555095,3616.6711908126495,3723.11940872504,3822.228718095806,3918.6426529053965,4014.7736970367446,4109.8898894526055,4215.554633441778,4328.821870127591,4449.095146286301,4576.409289338577,4705.492972280641,4825.389288960621,4937.969491556572,5049.475113597717,5160.185079209911,5278.362467503714,5403.304131462452,5532.195868042956,5665.199328851116,5798.71976805409,5927.474233772589,6053.668426348564,6179.160344856127,6303.759088322586
stock,electricity,grid,substations,Glass,0.0010863181166632704,0.0011153804433581933,0.0011522043576633772,0.0011936418575096675,0.0012448167647756724,0.0013026473885449923,0.0013585832620561142,0.0014179542699468868,0.0014855149391697151,0.001563328684379397,0.0016354442591866496,0.001720296812266045,0.0018181769319558806,0.0019357213109657447,0.002047919013626992,0.0021122803592037815,0.002167577945,0.0022101359557976934,0.002246210899088648,0.0023238166347489507,0.002404094138753432,0.0024896512075547974,0.0025807166839698597,0.0026738099466745817,0.0027690625404336823,0.002868139488704714,0.0029690929350274153,0.0030766078206309953,0.003176316178356278,0.0032713395776279046,0.0033648475084322796,0.003455292330141164,0.0035456893226656753,0.0036457997651008454,0.00375298451552954,0.003866815541332667,0.00398499218730639,0.004105493648746569,0.0042189273709720525,0.004326211484858995,0.0044330502970764156,0.004538215133037013,0.0046505317998747474,0.004769869032126162,0.004893930034197751,0.005023065661576279,0.005151717606283038,0.005278030015410843,0.005402619187485678,0.0055269520536925755,0.00565037964841124
stock,electricity,grid,transformers,Glass,0.0,0.0,0.0,0.0,0.0,0.0,0.0,0.0,0.0,0.0,0.0,0.0,0.0,0.0,0.0,0.0,0.0,0.0,0.0,0.0,0.0,0.0,0.0,0.0,0.0,0.0,0.0,0.0,0.0,0.0,0.0,0.0,0.0,0.0,0.0,0.0,0.0,0.0,0.0,0.0,0.0,0.0,0.0,0.0,0.0,0.0,0.0,0.0,0.0,0.0,0.0
stock,electricity,grid,lines,Mn,0.0,0.0,0.0,0.0,0.0,0.0,0.0,0.0,0.0,0.0,0.0,0.0,0.0,0.0,0.0,0.0,0.0,0.0,0.0,0.0,0.0,0.0,0.0,0.0,0.0,0.0,0.0,0.0,0.0,0.0,0.0,0.0,0.0,0.0,0.0,0.0,0.0,0.0,0.0,0.0,0.0,0.0,0.0,0.0,0.0,0.0,0.0,0.0,0.0,0.0,0.0
stock,electricity,grid,substations,Mn,0.0,0.0,0.0,0.0,0.0,0.0,0.0,0.0,0.0,0.0,0.0,0.0,0.0,0.0,0.0,0.0,0.0,0.0,0.0,0.0,0.0,0.0,0.0,0.0,0.0,0.0,0.0,0.0,0.0,0.0,0.0,0.0,0.0,0.0,0.0,0.0,0.0,0.0,0.0,0.0,0.0,0.0,0.0,0.0,0.0,0.0,0.0,0.0,0.0,0.0,0.0
stock,electricity,grid,transformers,Mn,0.0,0.0,0.0,0.0,0.0,0.0,0.0,0.0,0.0,0.0,0.0,0.0,0.0,0.0,0.0,0.0,0.0,0.0,0.0,0.0,0.0,0.0,0.0,0.0,0.0,0.0,0.0,0.0,0.0,0.0,0.0,0.0,0.0,0.0,0.0,0.0,0.0,0.0,0.0,0.0,0.0,0.0,0.0,0.0,0.0,0.0,0.0,0.0,0.0,0.0,0.0
stock,electricity,grid,lines,Nd,0.0,0.0,0.0,0.0,0.0,0.0,0.0,0.0,0.0,0.0,0.0,0.0,0.0,0.0,0.0,0.0,0.0,0.0,0.0,0.0,0.0,0.0,0.0,0.0,0.0,0.0,0.0,0.0,0.0,0.0,0.0,0.0,0.0,0.0,0.0,0.0,0.0,0.0,0.0,0.0,0.0,0.0,0.0,0.0,0.0,0.0,0.0,0.0,0.0,0.0,0.0
stock,electricity,grid,substations,Nd,0.0,0.0,0.0,0.0,0.0,0.0,0.0,0.0,0.0,0.0,0.0,0.0,0.0,0.0,0.0,0.0,0.0,0.0,0.0,0.0,0.0,0.0,0.0,0.0,0.0,0.0,0.0,0.0,0.0,0.0,0.0,0.0,0.0,0.0,0.0,0.0,0.0,0.0,0.0,0.0,0.0,0.0,0.0,0.0,0.0,0.0,0.0,0.0,0.0,0.0,0.0
stock,electricity,grid,transformers,Nd,0.0,0.0,0.0,0.0,0.0,0.0,0.0,0.0,0.0,0.0,0.0,0.0,0.0,0.0,0.0,0.0,0.0,0.0,0.0,0.0,0.0,0.0,0.0,0.0,0.0,0.0,0.0,0.0,0.0,0.0,0.0,0.0,0.0,0.0,0.0,0.0,0.0,0.0,0.0,0.0,0.0,0.0,0.0,0.0,0.0,0.0,0.0,0.0,0.0,0.0,0.0
stock,electricity,grid,lines,Ni,0.0,0.0,0.0,0.0,0.0,0.0,0.0,0.0,0.0,0.0,0.0,0.0,0.0,0.0,0.0,0.0,0.0,0.0,0.0,0.0,0.0,0.0,0.0,0.0,0.0,0.0,0.0,0.0,0.0,0.0,0.0,0.0,0.0,0.0,0.0,0.0,0.0,0.0,0.0,0.0,0.0,0.0,0.0,0.0,0.0,0.0,0.0,0.0,0.0,0.0,0.0
stock,electricity,grid,substations,Ni,0.16294771749949052,0.16730706650372892,0.1728306536495066,0.17904627862645012,0.18672251471635082,0.19539710828174886,0.20378748930841709,0.21269314049203308,0.22282724087545724,0.23449930265690955,0.24531663887799746,0.2580445218399067,0.2727265397933821,0.29035819664486173,0.30718785204404886,0.3168420538805672,0.32513669174999993,0.3315203933696541,0.3369316348632972,0.3485724952123426,0.36061412081301475,0.3734476811332196,0.38710750259547916,0.40107149200118736,0.41535938106505216,0.43022092330570694,0.44536394025411224,0.4614911730946492,0.4764474267534417,0.4907009366441856,0.504727126264842,0.5182938495211746,0.5318533983998512,0.5468699647651267,0.562947677329431,0.5800223311998999,0.5977488280959585,0.6158240473119851,0.6328391056458081,0.6489317227288492,0.6649575445614624,0.6807322699555519,0.697579769981212,0.7154803548189245,0.7340895051296629,0.7534598492364416,0.7727576409424557,0.7917045023116266,0.8103928781228521,0.8290428080538861,0.8475569472616857
stock,electricity,grid,transformers,Ni,0.0,0.0,0.0,0.0,0.0,0.0,0.0,0.0,0.0,0.0,0.0,0.0,0.0,0.0,0.0,0.0,0.0,0.0,0.0,0.0,0.0,0.0,0.0,0.0,0.0,0.0,0.0,0.0,0.0,0.0,0.0,0.0,0.0,0.0,0.0,0.0,0.0,0.0,0.0,0.0,0.0,0.0,0.0,0.0,0.0,0.0,0.0,0.0,0.0,0.0,0.0
stock,electricity,grid,lines,Pb,1308.8434852436117,1342.8300252349788,1396.5708682287232,1460.2569393665353,1563.5896347659946,1654.3645201554252,1741.194638292509,1816.6105252909977,1827.7229485379667,1725.0449607162284,1824.6396196124606,1907.5179453341987,2009.4433845577246,2099.575605157337,2203.379699635468,2271.243474528657,2363.428210947801,2456.7579869280216,2583.1166031333228,2728.1307927634352,2937.9960040331644,3180.389350110245,3430.329741808521,3689.04440029484,3964.3896873160534,4263.686472276906,4526.854100869328,4813.224577552596,5107.123297840902,5417.161274411572,5736.538400167962,6008.609359368315,6292.888852159751,6603.5121640999505,6934.347022759974,7285.91908795742,7619.528600857006,7969.119334560745,8318.915515524433,8660.205821746227,9007.86113486083,9337.87801991825,9691.126160952572,10074.43275089912,10485.668250211493,10928.595087436057,11356.855325616692,11807.284382810438,12261.866853738306,12721.186257899953,13176.898210980358
stock,electricity,grid,substations,Pb,4.345272466653081e-05,4.461521773432772e-05,4.608817430653509e-05,4.77456743003867e-05,4.979267059102689e-05,5.2105895541799703e-05,5.434333048224456e-05,5.6718170797875464e-05,5.94205975667886e-05,6.253314737517587e-05,6.5417770367466e-05,6.88118724906418e-05,7.272707727823524e-05,7.742885243862978e-05,8.191676054507968e-05,8.449121436815127e-05,8.670311779999999e-05,8.840543823190774e-05,8.984843596354593e-05,9.295266538995802e-05,9.616376555013727e-05,9.958604830219188e-05,0.00010322866735879443,0.00010695239786698331,0.00011076250161734725,0.00011472557954818858,0.00011876371740109656,0.00012306431282523982,0.0001270526471342511,0.00013085358310511617,0.0001345939003372912,0.0001382116932056466,0.00014182757290662703,0.00014583199060403383,0.00015011938062118154,0.00015467262165330664,0.00015939968749225563,0.00016421974594986273,0.00016875709483888215,0.0001730484593943598,0.00017732201188305665,0.00018152860532148058,0.0001860212719949899,0.0001907947612850465,0.0001957572013679101,0.0002009226264630511,0.00020606870425132144,0.00021112120061643377,0.00021610476749942713,0.000221078082147703,0.00022601518593644957
stock,electricity,grid,transformers,Pb,0.003838161319732392,0.003934873006787884,0.004061509344441627,0.004194938814588755,0.0043593941518186834,0.0045604958776308355,0.004768713350092725,0.004990655397676682,0.00523234600007442,0.005502658739201946,0.005759285740018736,0.006041971210496258,0.006342438287952764,0.0067074662193188795,0.007036077626119228,0.007187009483898357,0.007314430199679331,0.007401158666244708,0.007455880633403017,0.007628326644515725,0.00779548371857155,0.007975509110312211,0.008179487144784144,0.00840198716448979,0.008646380000905304,0.008915248097419436,0.009168754117071663,0.009451341207591352,0.009685836296448397,0.009902258179380981,0.010127352576695177,0.010323183387489172,0.010514846067237228,0.010732122751652603,0.010963321863473447,0.011211192707205053,0.011470422370615383,0.011742168681921388,0.01199705533462088,0.012224326154498602,0.012456649685757404,0.012695749439118997,0.012965394050550213,0.013263843499687457,0.013586654623079134,0.013928615592829591,0.014269130487034078,0.014601057997914675,0.01492068889455372,0.015229755710340083,0.01552827338447953
stock,electricity,grid,lines,Plastics,6779.103584537484,6976.4701076622405,7201.788844099649,7441.809731122965,7740.267320689002,8090.9073291656305,8456.40784111151,8851.286898489656,9301.955205757693,9813.8930455181,10257.458280911422,10792.49383034237,11357.579399986938,12058.024728535234,12726.868045679419,13072.985147603953,13356.041771619211,13553.76966844303,13688.128418923103,14056.867259747394,14435.446928499696,14867.646882919518,15336.534160148367,15831.954617082185,16349.917297220964,16893.47905497739,17442.55321810253,18033.441673592413,18557.058915549707,19051.253271382135,19549.056575924045,20024.252045620895,20493.9271623979,21016.859414101742,21572.44774437167,22161.0084458886,22796.673445612883,23466.31674796042,24094.579679777074,24676.97492940685,25261.32657488257,25842.186279059195,26471.113034531816,27143.72842684232,27845.132291997463,28569.89474858005,29290.30014069738,29989.95801010271,30667.270279526314,31328.986814570362,31973.984915822595
stock,electricity,grid,substations,Plastics,6.562121847327817,6.7376786441938386,6.9601208633371625,7.2104323686586484,7.519564630980403,7.8689020799837355,8.206793911102368,8.565436358468162,8.973550093042498,9.443599583730625,9.879228136468797,10.3917969538555,10.983061392865892,11.693111723150775,12.370864385616573,12.759651965842286,13.093688092361502,13.350768268187128,13.568686178124796,14.037479145527985,14.522411463967858,15.039236049476267,15.589335272856735,16.15168374487715,16.72707608799774,17.325570209418565,17.935399692620106,18.584864862085656,19.18717313859677,19.761180986576882,20.326034344186876,20.87238437868374,21.41844549142654,22.023182641044677,22.670653562959284,23.35827264052824,24.07214230586171,24.80005548398339,25.485274569830885,26.13334571658773,26.778726929549507,27.413996154136687,28.092467443503384,28.81334786236451,29.562763157578356,30.34283274188382,31.119980544273943,31.882995914092284,32.63560172584475,33.38665927074074,34.13224834215777
stock,electricity,grid,transformers,Plastics,0.0,0.0,0.0,0.0,0.0,0.0,0.0,0.0,0.0,0.0,0.0,0.0,0.0,0.0,0.0,0.0,0.0,0.0,0.0,0.0,0.0,0.0,0.0,0.0,0.0,0.0,0.0,0.0,0.0,0.0,0.0,0.0,0.0,0.0,0.0,0.0,0.0,0.0,0.0,0.0,0.0,0.0,0.0,0.0,0.0,0.0,0.0,0.0,0.0,0.0,0.0
stock,electricity,grid,lines,Steel,66235.80934035401,67996.03061428679,70204.27995471816,72676.39309751986,75635.13694374346,79082.06210523701,82414.73710453541,86010.25617528537,90373.39089342304,95831.41257425483,100179.98739676701,105400.37438079195,111408.3280990362,118732.8256537276,125638.72231843103,129551.19812443972,132791.29548771033,135199.75322374,137066.72743285866,141566.00078466622,145993.79928014515,150635.21439450284,155609.56737932717,160686.39593634367,165849.38937308945,171180.91249630557,176753.47764585176,182672.60064089752,188045.60896004515,193051.7169685788,197928.98086503128,202767.86673980055,207557.59018787206,212880.60332163543,218587.02577303138,224648.77379793447,231047.783864395,237533.40002583372,243561.7659737274,249218.29852401282,254824.95900050885,260394.81636437576,266347.937622854,272651.13206440426,279165.36305386206,285898.21264090965,292655.1375298004,299180.38029926026,305578.018004639,311940.0103966803,318255.08225287206
stock,electricity,grid,substations,Steel,1874.4875772187208,1923.579211533332,1986.3434216835553,2055.328988073771,2140.5316513502285,2239.389695333972,2337.385549692697,2441.555645582297,2558.3927490432793,2691.472110668999,2815.9618919024015,2959.289780738064,3120.1558522430996,3313.5778734061378,3494.8103526063405,3592.162906453156,3675.5166266436413,3737.806748802059,3787.6540931912705,3903.832523797264,4022.1974053451527,4148.58803628835,4284.918792548931,4426.865486270511,4574.974512747871,4731.492543537151,4887.337733708146,5055.4653763484985,5206.594998648321,5349.413315693007,5492.200165537689,5626.493249002777,5760.067486859602,5908.849746737491,6067.871866953034,6237.125234553271,6413.156555389159,6593.937876005938,6764.071105387378,6922.579994416248,7081.612456661351,7240.002777697935,7411.694398445277,7596.217654610446,7790.220444091747,7993.176656941133,8195.351871265188,8393.420351746081,8587.444040510123,8779.352945785802,8968.38354829985
stock,electricity,grid,transformers,Steel,32836.55323688854,33712.476949509255,34822.0472308407,36066.29399928081,37603.5893861236,39345.77664587122,41036.14097951773,42830.59281687506,44870.67917041172,47216.13460032902,49393.38056059784,51950.178583463785,54889.39753850877,58414.600127809455,61772.41004330267,63683.00651588888,65324.95179883061,66585.59326656342,67650.80223497591,69956.49511908866,72338.92872465431,74877.71859629142,77580.444972183,80350.66133406367,83191.15390326179,86150.31132881544,89156.54502963377,92362.59600129467,95325.17601785845,98146.0140738631,100928.3086722852,103610.81340660239,106291.05304850868,109261.02591113425,112440.00329250505,115816.56804654769,119322.61045395833,122900.47961168698,126269.57908502196,129450.63593281968,132622.55784424412,135749.3160246421,139094.84743707834,142654.42212769456,146359.7019041993,150218.65909925898,154063.1969265631,157836.7182142099,161555.83615145428,165263.5329866907,168940.52877627782
stock,electricity,grid,lines,Wood,12537.772963260612,12788.837642906876,13173.940136920259,13591.52061481815,14028.809935185063,14622.147886693652,15144.521349423954,15693.742733844676,16479.30000899138,17720.553645928252,18429.119395461265,19213.585168691763,20187.670477181327,21385.71573100977,22377.836277153678,22737.620851514064,22967.217313687644,23020.482615627225,22930.806575438437,23229.402494285594,23488.374418310417,23835.043659803607,24238.670381752734,24659.064578861933,25101.42687429824,25570.097142837636,26058.274999287944,26592.432415536576,26976.1475707425,27282.206023883336,27565.0250032531,27835.421863643693,28073.54174901022,28362.385776097683,28672.475425911907,29003.726969348667,29387.275128911882,29774.082062271653,30088.011242858094,30325.8921536613,30543.45442350525,30796.01772240855,31088.090906552272,31408.946545269926,31744.765936079537,32086.674122322405,32455.016913617284,32782.99245440007,33071.25514581364,33326.368120349405,33555.69351086332
stock,electricity,grid,substations,Wood,65.28771881146253,67.03436464582741,69.24748189556897,71.737875636331,74.81348756301789,78.28910805155405,81.65085404957246,85.2190516238079,89.27944784409986,93.95605393120175,98.29019997711764,103.38983841718932,109.27243361054845,116.33685078904124,123.0799327189822,126.94804958814727,130.2714344945,132.8291709434414,134.99727503522777,139.66137974841192,144.48605773908125,149.62803757404336,155.1010727065886,160.6959777951424,166.42065868006426,172.37518327115325,178.44248539514763,184.90413001992286,190.89660231921223,196.60750861543713,202.22733525677998,207.66306904148396,213.09592829220702,219.11256588256077,225.5543693833253,232.3956140340932,239.49803045711403,246.74016828966876,253.5575349954204,260.00531024002555,266.4263228542925,272.74672949552445,279.49696117247225,286.66912883078237,294.12519505528485,301.8862462607343,309.6182281376105,317.20960392619173,324.69741316788935,332.16981842692377,339.5878168695154
stock,electricity,grid,transformers,Wood,266.5146971032705,273.6291590899077,282.65437459291024,292.7866041637894,305.29894860981784,319.4785406133967,333.2294072332228,347.8271947930275,364.4101807445584,383.48873992444317,401.18618900960684,421.95894077497974,445.8539489945341,474.56047774933836,501.90941768884056,517.4996320637176,530.8884349880417,541.1630396392139,549.8232963667112,568.5967225452305,587.987102942485,608.6576244770407,630.6913127319613,653.2522047434978,676.3801757524423,700.4750846995141,724.972837070482,751.0957874921544,775.2498477633872,798.2505341043168,820.9161140356398,842.7819555750322,864.6256009105617,888.8295472445857,914.7401216176498,942.2634600922114,970.8424914477164,1000.0031433775176,1027.4510342142896,1053.3747912106937,1079.206632938043,1104.6609846386143,1131.88375202424,1160.839392059097,1190.9740200517153,1222.3568367755631,1253.62167560822,1284.3116976308422,1314.5627041552643,1344.7255621949525,1374.6470935045127
stock,electricity,grid,lines,Zn,1073.1847050625859,1101.961588753029,1137.7398519543863,1177.7949323693063,1225.6815745413749,1281.46156040963,1335.476158797036,1393.880640905859,1465.1269223136242,1554.5827051614297,1625.0124640822012,1710.0790325066853,1807.801015866914,1927.2226182433565,2040.0737573535382,2104.277157215589,2157.268922074518,2196.6185610986186,2226.947431387737,2300.3152627769705,2372.374606622159,2447.9735028129953,2528.955901379563,2611.536019648833,2695.3507099816843,2781.704417654995,2872.371085490158,2968.5399650993018,3055.9119633858054,3137.2602337311687,3216.3961583354835,3295.299888128655,3373.3706342976247,3460.0995623325134,3553.068566452194,3651.7880817671416,3756.2866943955496,3862.2377337460807,3960.647843196133,4053.0529342461605,4144.576016632873,4235.446029447258,4332.4452537650195,4434.9965511319715,4540.790042169321,4649.95840945372,4759.551109209924,4865.231929225108,4968.811293856551,5071.814236544017,5174.084067022642
stock,electricity,grid,substations,Zn,0.08918671737805449,0.09157273439970767,0.09459597776416326,0.0979979965015437,0.10219945638808269,0.10694735059954391,0.11153968581480699,0.11641404556263941,0.12196077650583359,0.1283492849875485,0.134269973679224,0.1412363682870423,0.14927232611357785,0.15892271963028765,0.1681341510187761,0.17341821749063044,0.17795814928450004,0.18145216197099065,0.18441391481517802,0.19078534571288883,0.1973761287916568,0.20440036414024895,0.2118768397539256,0.2195197966219832,0.22734003456960525,0.23547425202265704,0.24376252996575076,0.2525895020738047,0.26077555824305043,0.268576979323251,0.2762539804422902,0.28367950030458966,0.29110109339085194,0.29932016071477946,0.3081200287249752,0.31746555594341197,0.3271678585778547,0.33706102856209336,0.34637393715680576,0.35518196290692355,0.3639534293899739,0.37258746242233887,0.38180866076971676,0.39160624753755796,0.4017916558076353,0.4123936908154124,0.4229560154758374,0.43332626426523024,0.4435550352925743,0.4537627636081604,0.46389616913456283
stock,electricity,grid,transformers,Zn,0.17271726003972088,0.17706928597364074,0.18276792118956348,0.18877224736884202,0.19617273757211529,0.20522231526781134,0.21459210156395414,0.2245794937429204,0.2354555708918605,0.2476196441985013,0.259167859278835,0.27188870549832667,0.2854097240348922,0.3018359810083533,0.31662349437017084,0.32341542799586165,0.3291493602276428,0.3330521412378124,0.33551462976922863,0.3432747002985838,0.3507967686594812,0.3588979113183812,0.368076922904256,0.37808942382879307,0.38908710150899184,0.40118616589778466,0.4125939368251831,0.42531035594655564,0.4358626349849424,0.44560161975365975,0.455730867671022,0.464543254190006,0.47316807481121514,0.48294552564680293,0.4933494857180012,0.5045036737280146,0.5161690086255,0.5283975926804158,0.5398674920951754,0.5500946790282661,0.5605492379743632,0.5713087269162368,0.5834427344764304,0.5968729597382862,0.6113994603457287,0.626787704042568,0.6421108743395932,0.6570476123855855,0.6714310027886192,0.6853390095514889,0.6987723049384555
