type,years,Canada,USA,Mexico,Central America,Brazil,Rest of South America,Northern Africa,Western Africa,Eastern Africa,South Africa,Western Europe,Central Europe,Turkey,Ukraine region,Central Asia,Russia Region,Middle East,India,Korea,China,South Eastern Asia,Indonesia Region,Japan,Oceania,Rest of South Asia,Rest of Southern Africa
aboveground,1971,35370.97392,234813.7622,6743.173037,2382.216343,8325.31103,20320.91223,8165.009935,5492.431541,1905.330789,9901.945817,144992.7331,25692.80449,3169.44307,28927.25028,15596.53618,75920.87914,12749.38013,29677.58823,839.9052007,14199.82104,2879.823543,349.2710908,13155.38678,10725.25261,3324.31415,3526.471808
aboveground,1972,35135.90842,232720.1642,6743.173037,2382.216343,8325.31103,20320.91223,8165.009935,5492.431541,1905.330789,9901.945817,144992.7331,25692.80449,3169.44307,28927.25028,15596.53618,75920.87914,12749.38013,29677.58823,839.9052007,14199.82104,2879.823543,349.2710908,13155.38678,10725.25261,3324.31415,3526.471808
aboveground,1973,34792.65738,230394.8223,6743.173037,2382.216343,8325.31103,20320.91223,8165.009935,5492.431541,1905.330789,9932.351676,144992.7331,25692.80449,3169.44307,37713.9014,19682.30697,79284.05821,12749.38013,29677.58823,839.9052007,14199.82104,2879.823543,349.2710908,13155.38678,10725.25261,3324.31415,3526.471808
aboveground,1974,34632.89212,231070.0059,6743.173037,2382.216343,8325.31103,20320.91223,8165.009935,5492.431541,1905.330789,9962.757608,144728.2527,26534.40558,3169.44307,46500.55151,23768.07595,82647.24035,12749.38013,29677.58823,839.9052007,14199.82104,2879.823543,349.2710908,13155.38678,10711.99705,3324.31415,3526.471808
aboveground,1975,40968.68484,242968.8103,6904.796452,2438.334971,12094.95874,22294.56322,8630.89538,6801.821563,2802.97867,11320.34942,154703.5165,30105.04096,4181.131662,56188.02284,27862.81609,86639.46251,13068.9348,31706.87934,911.2145425,16423.8598,2988.864251,469.6226691,13542.78514,11984.62091,3727.750522,8103.508069
aboveground,1976,42283.42134,238824.2195,7528.844744,2470.579598,13430.03803,22333.17088,9099.115065,7230.973973,2825.653908,12628.79564,153470.8775,31653.33508,4932.60735,64871.76735,31918.88637,90257.94022,13144.79006,32080.58643,924.7942463,16328.84487,3024.23897,467.5933247,13583.54686,11776.76772,4121.173293,8636.950608
aboveground,1977,43321.51531,238667.5325,8256.125486,2417.447733,14757.34598,22763.56323,9558.175174,7565.23475,3002.133305,13363.1412,159461.0355,34063.73072,4956.757909,73653.93995,36280.90453,96773.14699,13175.92589,33172.27349,916.8119592,16442.01894,2960.308963,465.5639811,13542.00305,11572.62898,4074.396909,9666.685386
aboveground,1978,45373.29856,239011.9795,8476.770863,2482.907489,15913.18966,23192.01109,9584.486462,7592.197127,3503.339797,13961.89067,158531.6401,36830.2125,5165.638531,73817.1183,37078.37094,102219.1307,13787.34403,36811.84254,973.1141893,16202.01252,2896.56395,513.8106967,13419.77788,11482.87421,4825.540923,9608.696655
aboveground,1979,46531.91333,240622.8488,8746.778679,2517.774159,17671.04545,24030.61757,9870.351199,8601.797862,3941.687545,14560.63211,161092.1021,39037.54197,5437.895659,73680.27155,36943.14062,106223.7214,13485.72533,36400.98796,1049.044144,16445.30888,2947.559566,546.083557,13305.04775,12169.37276,5140.332501,9703.049393
aboveground,1980,47576.63378,244319.1742,9126.707355,2561.809565,19230.29737,25251.72392,10053.28473,9480.575863,3969.691158,15128.24204,160503.7817,41587.37478,5745.710667,73696.5703,37284.00465,112397.316,13184.10592,36026.68194,1114.581901,18090.28283,2991.015369,588.428921,13840.82605,12316.78565,5379.377536,9683.355651
aboveground,1981,49191.86093,245532.6268,10882.05897,2777.490344,19821.11788,25162.20997,10432.78068,9624.52018,4504.581819,15831.97867,162823.4521,42798.9587,6120.308592,74051.34831,37153.67132,117250.9986,13110.85695,36974.58815,1226.55443,20496.31102,3231.709024,778.1781136,13882.0212,12467.02364,5506.107832,9989.30766
aboveground,1982,50427.99529,251988.2968,11161.95115,2777.42349,21122.06146,26023.59059,11428.63246,9850.624783,4855.708963,16290.56451,161836.1719,43875.82073,6583.912855,74560.69555,36846.59648,120148.2174,12936.64236,36440.46263,1344.280751,24178.15601,3389.156485,810.4466813,13863.20566,12730.16909,5663.779458,10295.262
aboveground,1983,50675.62734,251721.3632,11402.84626,2789.619046,22419.84435,27292.42084,12638.71626,10055.75522,5303.931249,16749.15765,166470.7616,44820.81349,6605.355343,75201.15585,36537.4264,123278.6507,13059.79967,36731.018,1461.329932,27939.37315,3425.11032,862.1845153,14312.39339,13455.62428,6155.11116,10601.21403
aboveground,1984,54104.32121,246531.9682,11645.4048,2941.844653,24346.9169,28362.95176,13633.67143,10260.88553,5520.779352,18119.49871,170165.4197,46647.07558,6700.892376,77086.71882,37182.55939,130736.0834,13491.24166,38200.652,1481.22836,30343.04245,3913.464048,956.9464337,14748.57331,14076.11471,7008.2591,10868.87313
aboveground,1985,56054.55744,250126.2034,12308.19447,3087.264,25834.34187,29525.62843,14622.56851,11069.46641,5994.704544,19669.4679,172334.2199,48854.11296,6783.130245,79087.03884,37473.92952,136505.058,14033.00346,39100.9064,1776.808707,32892.32015,4104.001735,1193.251581,14970.6444,14817.42119,7075.73988,11136.53018
aboveground,1986,58033.08169,252100.92,12570.64611,3364.862864,26301.98634,32059.94639,15604.47258,12375.74817,6128.088381,20219.01313,174104.1863,52119.81016,6869.156557,80443.95002,37297.0098,140606.8952,15470.99564,40133.17669,2011.913769,34026.48393,4553.381591,1607.126308,15222.77497,16160.63024,7624.4958,11078.54145
aboveground,1987,59594.85945,255690.454,12716.1062,3517.787745,26920.97991,34714.17772,16862.15495,12387.33561,6347.253251,20808.4053,178701.7581,56152.79875,8476.791273,82862.9861,37255.00376,148174.2748,18119.76366,42092.4758,2125.447243,34611.58153,4726.348237,1714.894346,15364.0859,17025.63801,8137.242479,11020.5499
aboveground,1988,59380.31272,255099.4827,13384.31765,3746.267791,28898.98311,34265.67216,17898.83141,12960.67092,6816.361142,23267.41359,184514.749,58909.20314,12442.9139,84185.34646,37564.2353,154521.2723,19703.16214,45913.78223,2213.033932,36902.00558,5003.942085,2025.570962,15959.21849,18172.94503,9302.643932,10962.56117
aboveground,1989,59477.29921,256335.387,14939.21451,3871.000179,29836.38564,33852.14479,19135.85949,14391.19952,7125.76094,23623.35997,183470.5157,61138.32252,13000.13556,85353.58225,37254.26818,157714.045,21393.1333,49998.27187,2491.92399,39880.54389,5624.223666,2494.916737,16140.80635,18947.29486,10048.22835,10904.56962
aboveground,1990,61238.80008,254048.4124,16215.6219,3936.49277,30302.10721,35752.70736,20296.26371,14315.52811,7151.470823,23789.07176,184311.7774,67943.99683,13559.32392,86945.43518,37773.93918,160310.7431,23949.79661,57260.0657,2771.456418,44443.62571,6223.526569,2585.573568,16399.79477,19639.70987,10474.24778,12068.56775
aboveground,1991,61839.16091,263644.6165,17608.83229,4012.231939,31961.31355,37665.94802,21358.70835,14239.85653,7466.643663,23810.29543,186074.3671,71111.23754,14111.32008,87547.1959,37456.04179,163646.2953,26099.85104,60905.49381,2932.378414,46768.30566,6723.201324,2946.847374,17138.92607,20705.18118,11080.08458,12775.53119
aboveground,1992,63431.18384,275510.8399,19243.36181,4069.02619,32628.88175,37589.60711,21807.94749,14318.27653,7754.645379,23647.96791,187078.427,70659.64488,14643.4034,88910.65328,37138.13437,166682.8008,27723.75079,62986.92468,3093.300316,50284.23768,7412.458199,3742.507916,17426.33754,21194.41493,12451.56673,12717.53989
aboveground,1993,64678.6059,288409.0012,19997.75887,4137.755045,34108.4034,40420.29642,23018.21691,14242.60478,8201.798745,24055.77767,190436.7298,70075.95572,16258.85085,89999.21584,37034.88848,170008.4942,28918.50565,66881.61127,3244.163604,54491.01011,8351.56915,4021.624367,18052.76887,21485.47608,13135.45297,12659.55065
aboveground,1994,64679.89716,300713.7478,20808.86564,4286.094414,35049.95599,43677.68489,24571.18478,14166.9332,8414.657227,24538.57824,192472.3957,69661.90601,16527.60583,91272.29237,37764.53494,172190.5397,30616.15643,76156.29133,3420.475979,61879.09593,9486.006441,4377.591622,18470.91392,22239.79404,14881.14565,12601.55935
aboveground,1995,64958.30322,317151.0782,21768.62606,4542.470748,36460.67925,45795.83317,26108.19595,14392.13986,8689.500051,25861.67166,193509.1947,71571.09313,17545.31401,92334.30837,37446.63755,174097.0066,32471.81355,80427.22297,3730.189516,70009.29955,10495.81239,4876.728488,18827.67913,23249.31268,15596.96782,12543.57062
aboveground,1996,68650.44004,325765.2094,23617.18798,4878.754887,37958.91216,48052.58819,29047.20893,14968.17496,9311.697084,27184.75697,197336.1255,73806.46462,19627.63704,93396.33542,37128.73013,174477.8455,35413.18748,86134.42721,3917.446242,74697.8687,11686.67883,5121.380785,19670.56214,24294.94299,16137.40289,12633.2676
aboveground,1997,68981.48125,320249.1105,24473.79809,5269.14782,39633.61476,51875.95401,31077.28284,15119.96957,9453.611301,28424.94996,202023.6438,75135.54432,20159.52329,92700.53247,36810.82271,172795.9719,38553.16259,97179.43367,4283.212196,80413.4807,12533.89901,5568.316212,20308.25736,25493.50163,16549.29064,12806.21828
aboveground,1998,69306.40413,315294.0757,25664.4296,5547.609623,41215.26293,53225.0195,32290.2833,15474.43332,9973.154983,29095.00567,207564.2993,76916.10467,21504.90774,93659.1483,36492.92532,172322.4174,42698.10787,106891.9353,4951.717351,87139.67265,13513.20131,6550.555079,21289.04079,26675.6263,16717.82483,15992.48068
aboveground,1999,69305.19723,310808.9106,27456.79753,5965.665858,41351.72693,54114.62523,34178.54936,15828.89691,10482.52326,29690.06908,213356.8535,79541.43972,21949.26109,92963.34535,36175.0179,172155.0369,46705.92307,115355.6632,5364.654868,89211.81607,14876.0376,7424.399964,21916.80912,27454.0103,16897.35223,17380.32716
aboveground,2000,70701.0657,311659.609,28440.23666,6147.597566,43676.11692,56405.12254,35340.98284,16152.60513,10828.56828,29444.84114,221228.1085,81840.06896,22266.03248,92267.55143,35857.11047,171995.1115,50425.26849,122597.8304,5600.938609,92397.95522,16088.55804,8730.437974,22028.62605,28252.31015,17761.12122,20149.37751
aboveground,2001,70146.4437,319796.3532,29338.73769,6263.055183,44495.91345,57052.60977,36197.85304,16737.88586,11169.65719,29200.37262,225305.6246,83568.41228,23452.06188,91602.90994,35539.21309,172056.4029,53964.78127,127590.6385,5922.490407,97028.75491,17040.73368,9936.196354,22297.27958,28854.46462,18311.94174,21242.01125
aboveground,2002,71110.69886,327352.7569,30235.80597,6542.565281,45785.60488,59472.29399,38550.29509,17934.06032,11509.60159,28958.23466,230065.0549,86839.97906,24585.20494,90916.96644,35221.30566,171970.377,58415.45163,128247.3957,6186.583533,105676.1133,18464.92613,10880.59385,22566.89904,29195.01871,19274.76563,22366.94988
aboveground,2003,71912.99087,333296.5789,30936.25371,6901.177435,49019.15055,61869.74866,41440.57278,18503.98579,11684.07739,28879.26159,233376.7395,90236.63066,25851.8531,90229.19785,34903.39824,171373.335,62904.45893,130243.7569,6334.427651,117318.4112,20079.46287,11694.91359,22724.0898,29929.15221,20008.83938,23590.32089
aboveground,2004,71783.83294,338265.39,32475.31885,7136.455794,51218.64829,66357.16212,45717.8676,19524.68929,11686.69405,29615.08471,237730.3936,93394.23126,27118.59731,89551.38246,34585.49082,171564.9761,68515.53921,134619.996,6431.932802,130365.4681,21844.93918,12362.05781,23163.75013,30922.88289,20934.49736,25452.67592
aboveground,2005,72243.50143,342223.5321,33755.24392,7730.143693,54807.55521,69754.30846,49964.33037,20536.49293,11674.81864,30993.63902,243689.7761,97262.29602,28461.49301,88861.29513,34267.59343,171150.282,73265.2431,140587.5801,6751.633337,148598.2026,23540.14207,12654.58738,23832.95487,31648.63996,21436.79618,25744.79996
aboveground,2006,72891.69777,343516.6292,34704.29675,8366.004348,58947.46132,72861.16726,54034.71015,21362.33973,11791.22769,32350.0718,249563.8888,100981.4456,29049.73567,88113.22053,33927.33784,170410.1324,76834.98294,147777.1796,7116.197758,167619.2698,24970.45424,13220.74854,24182.84351,32074.60917,22550.90785,26010.05568
aboveground,2007,73529.99724,346109.7908,36079.33808,8970.493497,63334.45651,73268.33259,58289.65294,21722.32556,11911.26276,33708.71276,255849.2434,103162.0898,29663.68954,87366.32184,33589.30665,173621.3618,79686.84845,154467.1796,7391.672059,190661.3131,25735.45596,13952.42926,24196.99926,32648.64149,24613.48429,26661.72297
aboveground,2008,74698.40325,354972.9337,36764.51501,9354.355897,64944.51943,73975.43604,62062.81425,22135.208,12030.69762,34905.14435,265429.492,104755.7504,30039.62469,85824.20739,32882.59258,176440.6745,82760.304,163937.3837,7728.238243,219631.2815,26546.25628,14524.47372,24425.92678,32864.80493,26359.81606,26809.64452
aboveground,2009,76839.82152,371348.6079,37453.24654,9788.232263,66751.21346,73905.78515,65437.952,22789.94017,17342.44149,35282.47401,278335.4957,106346.253,31175.52133,83489.1789,32619.17251,178196.1605,85370.36726,173323.6949,8078.187943,254002.8845,27751.49762,15325.28651,24752.0742,32978.6493,27897.80485,26808.19802
aboveground,2010,77556.72456,373357.8607,37554.92188,9943.256554,68273.73666,74532.28942,68909.0575,23545.33662,19289.58232,35037.78946,286322.3105,107980.1796,33000.80322,80423.35296,31729.08681,182263.48,89348.8704,184355.2633,8338.842785,284868.2366,28783.3052,16123.00128,24454.76146,33128.98248,29513.34306,26805.69522
aboveground,2011,78875.26369,380841.6354,38968.24024,10342.56678,69701.0098,75476.05017,71942.54679,24250.41739,19840.12606,34809.16522,297127.1329,108838.0766,35741.56463,76870.67602,33440.25032,188119.7001,96185.99737,201167.0494,8649.245032,313204.4264,30851.16512,16639.21459,24576.2351,33896.07351,30679.03595,26791.11728
aboveground,2012,79580.07048,394864.2327,41035.55128,10684.78848,71567.21772,76954.47468,75060.67895,25477.86673,21324.71685,34536.94828,309208.6327,110840.7356,39524.06298,74559.25744,36534.68155,190401.1703,105352.6005,218901.6324,9406.128061,340839.4293,34738.04318,17516.9807,24818.4921,34725.75233,32066.43951,27560.28893
aboveground,2013,80859.53718,403443.9643,43731.86627,10805.16718,73280.95185,79193.89192,78973.02137,26826.096,21884.77181,34427.98348,318335.8591,113611.7053,44456.44547,73192.0371,39979.61897,192668.3649,112788.2868,239429.5027,10005.2466,387039.3322,38023.18895,19112.09624,25586.92974,35656.48522,32999.54415,28101.85992
aboveground,2014,83356.01489,409214.277,47248.95286,11057.88982,76965.94796,83428.53253,83829.14331,26812.49739,23092.01004,35195.33382,324810.9644,115102.146,48107.14618,71613.67192,44119.07223,195611.4704,119637.8153,261141.6047,10569.15577,426703.3317,40877.43565,20470.88724,26805.92985,36541.35764,33781.87176,29573.24884
aboveground,2015,82711.39118,408910.2979,49624.46554,11043.369,76863.76007,87280.32859,87718.05103,27629.03461,23094.7238,34929.11043,323249.7324,115679.2273,49364.54946,69973.68312,48483.77117,196237.524,124786.1684,279869.427,10980.8223,448764.816,43019.58718,22149.51221,26814.84801,36566.45043,34197.74861,31509.21514
aboveground,2016,82053.98505,408515.8823,50400,11067,80768,89050,91500,30900,23050,34700,320984.8161,115435.6503,50150,68400,50600,196050,127467,296650,11279.64786,465500,45800,24100,26832.04788,36331.71705,36300,33650
aboveground,2017,81339.80013,405681.2406,51013.4843,11126.28703,82508.23025,91839.59412,92709.41992,33869.76939,23494.17497,34549.02015,318605.8306,114056.0937,50816.53197,65627.57243,50874.08401,194828.1878,127372.103,308672.8218,11209.77602,475894.8042,45749.80802,25683.40465,26582.61132,36002.46346,36450.23303,35933.85241
aboveground,2018,80625.9517,408082.3626,50639.01258,11329.02357,82422.57239,91706.55226,93354.00987,36064.07162,25016.09437,34700.73966,316355.3231,111832.692,50936.82477,63128.89317,51445.85724,191742.6314,127264.4758,316358.6563,11088.95591,475213.9577,45703.25859,27272.07807,26314.57591,35770.54286,37814.84994,37549.66451
aboveground,2019,79842.24995,413364.3065,50239.71651,11884.91871,82343.00219,92562.21934,92870.01718,38562.80967,26055.55049,35188.54233,314264.6418,109538.3129,51314.25684,62108.81476,51863.12108,189975.5672,127116.0894,323927.7093,10963.63928,474350.8753,46376.65492,28824.73721,26027.42446,36384.28203,40372.74613,39348.07495
aboveground,2020,79073.48747,420493.322,49830.45608,12359.55918,84043.59132,94116.47374,92366.21447,41185.86813,28425.32552,36021.4932,312409.977,107185.6908,51773.23134,62244.19135,52786.2594,186743.2991,126916.9113,332898.1052,10836.67527,481870.6468,47622.84725,30591.21718,25724.52321,36526.71188,42321.12731,41261.90997
aboveground,2021,78415.93284,428910.4918,49407.07848,12977.55204,88077.81477,96168.26947,92544.55744,44055.00511,31184.8489,37184.8835,310554.6431,104781.5025,52275.49127,63101.45757,54016.44715,185669.4029,127136.277,344721.1124,10719.01457,497736.0444,50672.12485,32861.9597,25374.40664,36780.98811,43818.24298,42720.84352
aboveground,2022,77687.3666,434029.246,49007.93606,13607.41825,92359.76143,97956.62411,96747.77185,47154.23137,34932.42757,38335.84481,308159.7731,102340.0892,52877.33355,64035.9256,55236.36463,183650.0911,130533.4425,358168.3747,10596.73945,500965.5912,53499.14195,35658.27214,24993.99707,36951.81826,45632.43677,44404.95572
aboveground,2023,76884.00515,434594.3268,48579.94216,14244.08372,95999.79738,99315.33532,98640.876,50693.15506,38481.33318,39372.75292,305218.3533,99878.7531,53205.23499,64884.35123,56852.30238,182098.6032,133394.394,372620.2609,10469.98176,504353.4604,55914.92415,38961.88637,24589.83075,36907.19848,47586.0748,46076.45558
aboveground,2024,76007.67843,431645.2085,47957.84547,14858.28719,100091.3205,101757.4943,101145.3675,54334.73279,40418.1365,40358.29194,301667.6244,97491.96541,53337.62196,65035.7797,58096.78799,180665.0328,135969.8349,387321.8019,10330.31882,509909.1303,58728.2677,42695.9161,24156.7405,36700.31485,49546.95152,47693.90696
aboveground,2025,75055.98361,425764.3566,47202.73832,15455.38966,101516.9608,103968.3525,104080.9893,58214.69419,43632.32102,41286.98924,297389.7973,95157.64277,53440.43873,64853.21947,59269.68964,179073.3784,137615.531,402051.8435,10178.64303,514610.7971,61584.89016,46698.72845,23680.34445,36382.45118,51646.5476,49233.87014
aboveground,2026,74031.9531,419113.9316,46386.77297,16103.41348,103096.1858,107292.323,106836.7345,62701.80108,47103.27827,42261.16527,292432.0624,92937.828,53592.03642,64727.88123,60340.03604,177868.9344,137863.6063,418631.8093,10032.25961,520846.3612,64432.3036,50796.08618,23169.77983,36095.82915,53901.83335,50815.2539
aboveground,2027,72983.71834,411396.5889,46574.1833,16788.1007,104887.9581,111060.2924,109396.4547,67346.70018,51081.14286,43357.10967,286886.7784,90723.42109,53698.54844,64384.00707,61237.38998,175945.6607,136606.8783,436066.8178,9875.820223,525878.2461,67419.65804,54905.92067,22633.26618,35804.65395,56197.54833,52429.13735
aboveground,2028,71910.17049,404438.9194,47225.71821,17523.32981,107906.4174,112955.9751,111948.6956,72204.85789,54331.53308,44500.93759,280700.1311,88575.8609,53895.8672,63992.38334,61985.6589,174543.7474,134564.0448,454122.0955,9707.998792,526708.0334,70657.72874,58926.61288,22048.58855,35669.13485,58634.65378,54368.48888
aboveground,2029,70785.85127,400806.3593,48099.63002,18404.15125,110338.85,114838.7036,114513.5303,77369.07234,57844.0714,45667.26952,273776.2801,87149.34955,54102.16241,63550.67943,62713.69982,172728.0565,132915.8049,474100.7375,9532.589297,522370.8977,74074.77746,62808.48758,21405.8682,35631.90297,61292.88827,56651.81867
aboveground,2030,69559.55203,395118.3242,48308.18661,19468.93913,112809.0873,117217.0315,117061.5862,82775.69049,61325.03454,46927.46749,265765.5845,86229.37345,54286.8023,62917.29049,63362.93163,171011.6976,132920.4272,496384.7787,9338.5735,516519.687,77614.67703,66691.59147,20638.84456,35627.62242,64085.69401,59311.90983
aboveground,2031,68078.61269,391969.3552,48810.97461,20668.8152,115066.8772,119573.7999,119614.1029,88962.73604,65543.24069,48360.95014,257337.809,85458.07602,54640.11528,62218.18371,63899.2851,168952.9336,134628.6215,518768.3508,9140.855382,516511.3064,81257.79587,70812.37556,19791.61645,35632.24919,66903.88897,61999.15342
aboveground,2032,67560.74155,389785.9409,49609.27016,21988.69492,116998.0005,122007.2512,122282.5789,95511.87588,69709.56226,49823.04763,255125.5457,84710.60165,55077.70809,61710.54358,64321.5844,167073.8992,137760.8754,541864.548,8921.315876,516768.631,85002.38699,75248.88424,18861.57157,35671.05576,69891.9018,64810.24385
aboveground,2033,66998.82944,388220.7854,50643.67175,23528.77016,118650.7528,124921.7428,125746.6134,102786.478,74445.52061,51486.69968,255373.1994,84222.47848,55653.74966,61435.67608,64957.87199,163865.8902,141345.8545,568397.6288,8670.404587,521696.0279,88673.23588,80339.23861,18437.93087,35782.20511,73445.47544,67964.1844
aboveground,2034,66310.79106,386928.5727,51970.82594,25290.39647,120234.6956,128197.6644,130186.7268,110721.2817,79459.25215,53347.01877,256801.2763,84643.72681,56414.4762,61421.90423,65516.15172,160662.1629,145137.0402,598457.4047,8390.060401,529733.5539,92354.98883,86143.63543,18426.22432,35980.49032,77518.55495,71501.33521
aboveground,2035,66381.61477,385978.4822,53693.97825,27303.3949,121829.0348,131697.6769,135736.2884,119362.7669,84967.58332,55473.01142,261944.1219,85489.7046,57355.38627,61675.67834,66167.38361,157163.1314,149157.9368,633803.9003,8093.390423,539922.6462,96160.03328,92404.0712,18774.84028,36360.42225,82146.09171,75429.84698
aboveground,2036,66513.76504,385381.553,55732.8459,29443.04469,123081.7696,135637.056,142440.3478,128776.7429,91102.55293,57853.24847,269655.0062,84793.37443,58296.52781,61975.59547,66759.60093,154783.8811,153272.1728,676562.4934,7834.231129,552692.5802,100040.3834,98734.49946,18489.0291,36995.91604,87300.47544,79862.61045
aboveground,2037,66928.95169,385134.0546,58156.63087,31747.43928,124182.951,140068.7387,149904.6681,138912.5139,97613.82817,60507.84545,270200.7912,84143.54545,59324.92959,62070.59088,67126.35803,153713.2275,157470.8841,725177.4397,7840.793911,566356.6385,103951.2563,104872.4043,18435.30228,37846.56634,93222.75104,84730.00137
aboveground,2038,67530.42962,385361.5094,60855.999,34069.69831,125094.6824,144498.9705,157337.3286,149289.7005,104267.8425,63421.51115,270543.3834,83230.46687,60266.2325,61949.85065,67216.48643,152898.2575,160859.9357,776232.3571,7732.211195,577557.6919,108051.9456,110418.195,18384.8796,38981.53267,99499.23698,89938.27021
aboveground,2039,68725.74795,385779.6686,63714.839,36333.02693,125989.3147,149124.3749,164719.4608,160009.8957,110855.9444,66464.80021,271321.3403,82170.20726,60925.45572,61671.38214,67261.3923,150935.0859,163343.2675,829459.5961,7662.225157,586589.297,112365.9692,115356.8253,18360.86082,40387.73853,106244.2661,95494.8597
aboveground,2040,69340.67135,387111.2771,66755.57242,38485.2349,126945.0917,154229.7798,172497.0317,170915.6556,116920.9563,69533.19422,272978.8896,81401.23466,61442.97908,61279.76651,66932.45184,148575.3941,164627.6761,884312.4829,7660.533766,594739.3562,117019.5012,119929.9474,18501.54689,42091.76773,113722.8162,101553.8043
aboveground,2041,69190.29833,391165.1207,69968.37138,40555.07791,127354.2732,159300.5215,181173.1691,183483.196,124002.1439,72620.93588,276387.0441,80580.88603,61867.01152,61179.09204,67037.89098,147549.6435,165258.8231,934968.6676,7693.680606,601520.5969,121714.7895,124409.873,18670.02255,43913.29693,121980.8071,107836.4671
aboveground,2042,69609.00405,397767.7816,73412.4607,42527.71055,127984.566,165035.2465,191813.3631,196399.7738,130777.6826,75603.82293,282291.4245,80141.39572,62263.67985,61198.03899,67235.44443,145721.8048,166820.4068,988511.5984,7760.665366,606933.2198,126561.897,128493.7103,18869.34529,45977.79065,131006.4118,114842.3945
aboveground,2043,70299.34943,407031.3922,76989.70221,44319.01433,128651.6036,171242.1861,203912.9478,209640.5507,136744.9466,78292.3805,290292.8467,79880.54419,62479.75827,61157.7704,67334.8673,143523.8455,168828.6303,1043924.239,7839.007769,610849.7142,131322.8553,131604.5889,19079.9447,48156.65329,140427.6016,122580.8308
aboveground,2044,71028.98579,418635.4199,80707.05561,45925.11599,129173.6925,177671.6902,216776.8665,223723.2858,142582.5528,80539.13724,300337.9048,79702.37311,62573.26287,61017.39734,67491.48838,141099.3292,171058.6789,1099237.598,7928.928354,613184.3677,135918.6973,134040.132,19321.85585,50406.61798,150010.161,130921.4751
aboveground,2045,71870.14662,432396.2398,84689.86307,47431.42278,129841.3812,184552.7379,229934.2892,239425.3115,149040.2486,82625.1558,313043.1958,79649.58671,62603.46536,60948.49708,67706.91067,137915.6224,174043.6318,1153605.978,8050.096355,614183.1434,140395.6104,135910.3683,19563.45658,52681.8906,159873.2139,140031.3728
aboveground,2046,72981.46891,448190.7327,88808.26521,48913.06599,130546.2986,191889.568,242313.05,257004.713,156177.4093,84690.71065,327840.3467,79742.77315,62605.99562,60985.4232,67727.03812,135256.1198,177400.6845,1207025.58,8211.813011,614431.3049,144545.0483,137358.1807,19793.6284,54916.03775,170085.1362,150164.7677
aboveground,2047,74234.8621,465352.3041,93045.06091,50391.17489,131249.2093,199491.8088,252744.4479,276874.7046,164053.9367,86786.738,343289.516,79745.7514,62640.42701,61019.33986,67345.03908,133981.0866,179698.7324,1259100.686,8406.539607,613320.5934,148153.9956,138440.6431,20012.04709,56981.95498,180629.0582,161375.7583
aboveground,2048,75802.82297,484312.5397,97371.94613,51920.88967,131997.802,207377.4695,261625.0833,298971.0018,172719.093,89084.41933,358327.2692,79797.4311,62747.24101,61149.88755,66645.8684,131991.6851,181627.6348,1310491.422,8637.957065,611649.1742,151586.5835,139368.3966,20173.86838,58882.78442,191543.4307,173878.0086
aboveground,2049,77624.945,504012.0267,101599.1245,53494.51751,132748.7534,215391.6424,268754.1611,322766.9715,181946.0871,91598.56138,372129.2274,79900.50981,62938.93009,61387.3836,65641.21386,129932.7907,183436.1757,1361280.902,8891.31294,609820.282,154659.2946,140183.1864,20340.42327,60522.23538,202878.7746,187704.6415
aboveground,2050,79587.41924,522663.0008,105557.0976,55028.83682,133318.3113,223043.532,273470.8165,347848.6931,191724.2926,93866.56443,383828.536,79915.81503,63146.1308,61607.48089,64273.61916,127858.0715,184865.6855,1409892.309,9143.279511,606968.5906,157085.5769,140719.8475,20515.22418,61835.32251,214348.6534,202647.7092
underground,1971,401.0500129,8334.774257,0,0,0,0,0,0,0,0,0,0,0,0,0,0,0,0,0,0,0,0,0,0,0,0
underground,1972,636.115509,10428.37221,0,0,0,0,0,0,0,0,0,0,0,0,0,0,0,0,0,0,0,0,0,0,0,0
underground,1973,979.3665484,12753.71413,0,0,0,0,0,0,0,0,0,0,0,0,0,0,0,0,0,0,0,0,0,0,0,0
underground,1974,1139.131808,12078.53053,0,0,0,0,0,0,0,0,264.48036,0,0,0,0,0,0,0,0,0,0,0,0,13.2555615,0,0
underground,1975,1399.886753,12123.2013,0,0,0,0,0,0,0,0,0,0,0,0,0,0,0,0,0,0,0,0,0,1.161901666,0,0
underground,1976,1777.704354,14250.02088,0,0,0,0,0,0,0,0,905.9715068,0,0,0,0,0,0,0,0,0,0,0,0,17.93890061,0,0
underground,1977,2023.860596,16311.3636,0,0,0,0,0,0,0,0,1553.497911,0,0,0,0,0,0,0,0,0,0,0,0,30.76967068,0,0
underground,1978,2387.48676,19083.67984,0,0,0,0,0,0,0,0,2233.923306,0,0,0,0,0,0,0,0,0,0,0,84.69079915,19.8027821,0,0
underground,1979,2722.304147,20625.58934,0,0,0,0,0,0,0,0,3178.081552,0,0,0,0,0,0,0,0,0,0,0,182.5530098,58.19605583,0,0
underground,1980,2899.7805,20177.65913,0,0,0,0,0,0,0,0,3540.273921,0,0,0,0,0,0,0,0,0,0,0,236.8404344,82.8020833,0,0
underground,1981,3281.82287,21322.24109,0,0,0,0,0,0,0,0,3588.202273,0,0,0,0,0,0,0,0,0,0,0,289.0636047,121.8700837,0,0
underground,1982,2900.808647,19927.8752,0,0,0,0,0,0,0,0,3763.195839,0,0,0,0,0,0,0,0,0,0,0,338.0809779,164.0915685,0,0
underground,1983,3113.437202,22260.79285,0,0,0,0,0,0,0,0,4341.169062,0,0,0,0,0,0,0,0,0,0,0,372.4023645,108.4501251,0,0
underground,1984,3927.315311,26051.32901,0,0,0,0,0,0,0,0,5189.660583,0,0,0,0,0,0,0,0,0,0,0,451.3044938,187.4812295,0,0
underground,1985,4573.543998,28748.52027,0,0,0,0,0,0,0,0,6046.936903,0,0,0,0,0,0,0,0,0,0,0,588.3627975,273.4492986,0,0
underground,1986,4902.776952,30835.35869,0,0,0,0,0,0,0,0,6997.076369,0,0,0,0,0,0,0,0,0,0,0,675.5637226,372.4514568,0,0
underground,1987,5486.232483,33113.51315,0,0,0,0,0,0,0,0,8095.77913,0,0,0,0,0,0,0,0,0,0,0,792.5439265,412.3579759,0,0
underground,1988,6048.08586,35578.59451,0,0,0,0,0,0,0,0,9858.231233,0,0,0,0,0,0,0,0,0,0,0,1052.387807,539.4796839,0,0
underground,1989,6263.741195,37869.32236,0,0,0,0,0,0,0,0,11143.08289,0,0,0,0,0,0,0,0,0,0,0,1259.656618,629.2138536,0,0
underground,1990,6238.650485,38143.46595,0,0,0,0,0,0,0,0,12318.67629,0,0,0,0,0,0,0,0,0,0,0,1488.449786,726.6136478,0,0
underground,1991,5699.176231,38242.29428,0,0,0,0,0,0,0,0,13069.69085,0,0,0,0,0,0,0,0,0,0,0,1698.493208,682.7047038,0,0
underground,1992,5790.608557,42101.24819,0,0,0,0,0,0,0,0,13496.65284,0,0,0,0,0,0,0,0,0,0,0,1756.654443,653.1532208,0,0
underground,1993,6123.034188,45681.15586,0,0,0,0,0,0,0,0,13446.27897,0,0,0,0,0,0,0,0,0,0,0,1812.504889,772.4925135,0,0
underground,1994,6811.406189,50924.53433,0,0,0,0,0,0,0,0,14782.0963,0,0,0,0,0,0,0,0,0,0,0,1894.499032,930.1720396,0,0
underground,1995,7189.329941,55361.41098,0,0,0,0,0,0,0,0,15969.54048,0,0,0,0,0,0,0,0,0,0,0,2023.164304,1118.996179,0,0
underground,1996,7735.751161,60194.51637,0,0,0,0,0,0,0,0,17111.85352,0,0,0,0,0,0,0,0,0,0,0,2262.934825,1315.183831,0,0
underground,1997,8486.145947,63685.33551,0,0,0,0,0,0,0,0,18915.22379,0,0,0,0,0,0,0,0,0,0,0,2423.097634,1516.629512,0,0
underground,1998,9255.440745,66934.18023,0,0,0,0,0,0,0,0,21040.55252,0,0,0,0,0,0,0,0,0,0,0,2387.696508,1758.164112,0,0
underground,1999,10366.94708,70846.9208,0,0,0,0,0,0,0,0,23323.4242,0,0,0,0,0,0,0,0,0,0,0,2436.886893,2077.935868,0,0
underground,2000,11705.87666,75035.06626,0,0,0,0,0,0,0,0,26589.89806,0,0,0,0,0,0,0,0,0,0,0,2634.636925,2322.974926,0,0
underground,2001,11831.82775,76429.16652,0,0,0,0,0,0,0,0,28172.87635,0,0,0,0,0,0,0,0,0,0,0,2668.591166,2440.141656,0,0
underground,2002,12533.52444,79225.26349,0,0,0,0,0,0,0,0,29235.46981,0,0,0,0,0,0,0,0,0,0,0,2709.058886,2674.755686,0,0
underground,2003,12919.24454,83375.27014,0,0,0,0,0,0,0,0,30088.62324,0,0,0,0,0,0,0,0,0,0,0,2822.630267,2902.642976,0,0
underground,2004,13505.68909,89594.23438,0,0,0,0,0,0,0,0,32111.73928,0,0,0,0,0,0,0,0,0,0,0,3081.42132,3239.692738,0,0
underground,2005,14234.42438,94788.80577,0,0,0,0,0,0,0,0,33970.79632,0,0,0,0,0,0,0,0,0,0,0,3325.941796,3462.119178,0,0
underground,2006,14938.592,98718.06147,0,0,0,0,0,0,0,0,37080.28381,0,0,0,0,0,0,0,0,0,0,0,3515.918188,3622.465389,0,0
underground,2007,15454.0938,101599.237,0,0,0,0,0,0,0,0,40379.53455,0,0,0,0,0,0,0,29.69397652,0,0,0,3709.099429,3887.881487,0,0
underground,2008,15568.23298,101428.248,0,0,0,0,0,0,0,0,41475.70161,0,0,0,0,0,0,0,52.9370993,0,0,0,3646.343418,4051.965522,0,0
underground,2009,14664.90371,96292.65298,0,0,0,0,0,0,0,0,38551.69967,0,0,0,0,0,0,0,53.11149067,0,0,0,3195.862628,4009.059421,0,0
underground,2010,15554.10321,101351.0465,0,0,0,0,0,0,0,0,41247.92299,0,0,0,0,0,0,0,132.0594777,0,0,0,3530.466092,4081.946915,0,0
underground,2011,16549.00613,104867.4592,0,0,0,0,0,0,0,0,44104.41979,0,0,0,0,0,0,0,187.0916983,0,0,0,3520.359374,4294.793664,0,0
underground,2012,17069.42067,112011.2753,0,0,0,0,0,0,0,0,44925.00719,0,0,0,0,0,0,0,237.2519937,0,0,0,3728.126904,4650.859532,0,0
underground,2013,17762.68133,117671.4503,0,0,0,0,0,0,0,0,46044.52252,0,0,0,0,0,0,0,300.9919589,0,0,0,4016.373015,4924.330493,0,0
underground,2014,18932.9641,123190.1467,0,0,0,0,0,0,0,0,48151.27941,0,0,0,0,0,0,0,380.1827367,0,0,0,4219.030786,5221.811193,0,0
underground,2015,19348.26952,127435.5469,0,0,0,0,0,0,0,0,49068.49969,112.7606452,0,0,0,0,0,0,473.0658878,0,0,0,4343.630236,5456.560903,0,0
underground,2016,19813.01495,133134.1177,0,0,0,0,0,0,0,0,50365.18392,664.3497083,0,0,0,0,0,0,570.3521368,0,0,0,4467.952119,5668.282954,0,0
underground,2017,20270.27202,138244.3773,0,0,0,0,0,0,0,0,51657.13139,1224.156611,0,0,0,0,0,0,654.9656765,0,0,0,4549.167122,5868.865927,0,0
underground,2018,20733.58031,145402.5131,0,0,0,0,0,0,0,0,52983.45229,1780.163752,0,0,0,976.3595935,0,0,739.5856219,0,0,0,4627.190476,6089.077936,0,0
underground,2019,21184.50393,153997.2797,0,0,0,0,0,0,0,0,54351.9639,2335.49548,0,0,0,2081.858426,0,0,826.593934,0,0,0,4701.654926,6464.140318,0,0
underground,2020,21644.68111,163796.5075,0,0,0,0,0,0,0,0,55779.30009,2889.057312,0,0,0,3196.084613,0,0,916.2647551,2190.128656,0,0,4772.892755,6769.607048,0,0
underground,2021,21956.29848,172601.7342,0,0,0,0,0,0,0,0,57022.65251,3370.768021,0,0,0,4271.04952,0,0,995.5819193,6846.972111,0,0,4858.416026,7046.045384,0,0
underground,2022,22249.35545,180446.8669,0,0,0,0,0,0,0,0,58177.90839,3846.503903,62.27267298,0,0,5355.757684,0,0,1076.609669,11867.27023,0,0,4937.35163,7314.946069,0,0
underground,2023,22521.38,186677.1299,0,0,0,0,0,0,0,0,59235.47061,4315.900662,287.4264835,0,0,6484.218584,0,0,1159.348348,17356.3684,0,0,5010.430052,7547.990203,0,0
underground,2024,22771.42388,191576.193,123.5504825,0,0,0,0,0,0,0,60174.12131,4782.700901,521.6716695,0,0,7652.332809,0,0,1242.770749,23460.13755,0,0,5076.059944,7752.358707,0,0
underground,2025,22997.22868,195266.7913,287.5620745,0,0,0,0,0,0,0,60959.60808,5246.451215,765.2420683,0,0,8850.747618,0,0,1326.722078,30137.9673,0,0,5130.494071,7936.073332,0,0
underground,2026,23187.70449,197193.6677,447.4643498,0,0,0,0,0,0,0,61569.46556,5660.918714,987.7429216,0,0,9994.441945,0,0,1394.767009,35726.11044,0,0,5170.286405,8089.648455,0,0
underground,2027,23366.89513,198587.6924,619.7124533,0,0,0,0,0,0,0,62031.20936,6069.397457,1217.657116,0,0,11129.42077,0,0,1462.335425,41678.73871,0,0,5201.046464,8243.50748,0,0
underground,2028,23533.78278,200312.1812,806.356024,0,0,83.72679807,0,0,0,0,62321.87025,6475.946805,1458.4193,0,0,12329.2609,73.82568599,0,1528.969089,47722.78874,0,0,5216.861793,8435.481711,0,0
underground,2029,23679.14462,203698.0431,1007.982322,0,0,537.8030649,0,0,0,0,62407.14954,6933.340175,1709.027356,0,0,13534.06716,524.441634,0,1594.992477,53647.93474,0,0,5214.172996,8654.652125,0,0
underground,2030,23784.16896,206070.3162,1205.529441,0,0,1026.731314,0,0,0,0,62190.49795,7436.992286,1968.904726,0,0,14780.12016,989.2511041,0,1658.228095,59712.10797,0,0,5174.944342,8886.747883,0,0
underground,2031,23848.50105,208740.0994,1413.084011,0,0,1519.084372,0,0,0,22.66325271,61870.74184,7917.534975,2220.944805,0,0,15791.7884,1427.274465,0,1706.085332,64992.42652,0,0,5085.343094,9107.896376,0,0
underground,2032,24247.14769,211969.75,1640.274861,0,77.52320997,2046.864514,0,0,0,219.7387628,63014.66659,8409.913778,2487.250326,0,0,16838.71535,1907.030755,0,1749.124253,70580.17258,0,0,4965.934431,9342.745845,0,0
underground,2033,24634.76404,215600.9206,1889.039202,0,421.9381397,2621.053815,0,0,0,436.9478307,64792.12218,8939.97933,2772.121946,0,0,17762.08653,2426.838618,0,1784.688322,77154.20425,0,0,4973.790198,9602.337072,0,0
underground,2034,24979.39017,219461.6615,2165.357811,0,784.1584662,3246.533193,0,0,0,677.6630147,66920.63692,9587.294163,3080.560781,0,0,18686.23968,2987.453186,0,1812.161748,84652.75102,0,0,5092.540148,9892.324208,0,0
underground,2035,25619.21182,223604.5887,2478.595019,0,1164.939656,3926.009759,0,0,0,946.6579634,70104.81733,10314.15007,3415.610602,0,0,19573.56047,3592.974836,0,1833.460235,93059.28853,0,0,5315.821443,10241.28122,0,0
underground,2036,26307.52077,227403.9504,2822.450449,112.027881,1548.473242,4646.282487,0,0,0,1228.554919,74245.53165,10814.1604,3760.707861,0,21.56217239,20345.13771,4197.652602,0,1850.780087,101397.136,0,0,5349.964254,10675.23281,0,0
underground,2037,27129.50214,231492.2061,3213.553364,266.1438131,1946.414996,5440.645311,0,0,0,1545.467869,76530.37354,11330.43873,4130.29473,116.9386039,306.335153,21300.39045,4844.842154,0,1931.123002,110486.5722,0,0,5451.446272,11187.31335,0,0
underground,2038,28054.22161,235960.5,3651.946713,447.6414527,2357.16901,6297.08938,0,0,0,1901.905461,78819.97417,11820.40224,4513.489317,399.7577979,602.2606651,22314.4732,5506.216442,0,1984.873097,119703.3814,0,0,5555.597934,11803.5865,0,0
underground,2039,29261.94137,240650.7697,4135.479968,656.9318053,2783.242102,7228.000106,0,0,0,2298.458986,81302.93076,12295.84064,4894.089951,690.7834986,909.3299008,23178.50628,6171.004753,0,2049.575429,129061.6769,0,0,5669.662602,12526.87678,0,0
underground,2040,30260.30201,246032.4641,4669.664408,893.5378012,3226.973444,8254.611393,0,0,0,2734.561033,84129.59476,12822.59496,5280.297289,988.8653415,1221.446909,23987.8006,6818.501995,0,2134.821155,138817.9578,0,0,5837.860875,13372.52637,0,0
underground,2041,30886.28639,252738.7015,5259.826197,1157.36985,3653.907802,9328.661326,0,0,0,3182.522235,87619.9845,13262.89266,5655.770807,1260.556926,1486.937074,24740.4645,7399.046767,0,2226.685681,147783.36,0,0,6028.129198,14296.8444,0,0
underground,2042,31786.25525,261289.9673,5914.066426,1448.991126,4100.718487,10522.9179,0,0,0,3663.696324,92051.51483,13774.46757,6043.661286,1543.913929,1763.690699,25365.23311,8041.355382,0,2332.340043,156892.1371,0,264.0771013,6234.135598,15339.43187,0,0
underground,2043,32839.68145,271850.3873,6629.848601,1765.169439,4563.543918,11838.4334,0,0,0,4168.206372,97365.0745,14329.80309,6428.353814,1835.651836,2047.416417,25924.69784,8730.714628,0,2446.117711,166086.1401,0,952.259165,6450.152698,16463.65205,0,0
underground,2044,33945.26698,284298.9933,7412.39359,2104.316373,5036.161372,13268.58365,0,0,0,4684.876935,103609.6687,14915.54973,6813.559771,2133.906793,2342.630362,26438.21548,9460.255987,0,2568.730116,175309.5975,0,1695.159221,6683.57806,17658.76395,0,0
underground,2045,35140.87229,298598.7123,8278.929705,2469.251214,5529.880641,14840.2609,0,0,0,5226.455863,111073.6724,15542.6364,7204.401915,2444.458525,2650.528236,26797.31881,10264.75791,0,2707.486015,184598.212,0,2487.217034,6924.189843,18911.83109,0,0
underground,2046,36404.27725,313863.579,9235.456519,2860.883314,6022.293066,16541.20967,361.4761778,0,0,5765.280147,119579.3275,16156.63752,7585.036286,2733.806121,2895.175024,27039.23051,11072.42694,0,2859.439075,192575.9062,186.7875467,3254.739655,7167.349019,20162.64447,0,0
underground,2047,37778.53968,330486.4013,10275.70003,3284.828615,6530.718186,18389.66305,1435.925053,0,0,6338.593294,128718.8018,16770.62019,7981.324554,3032.669684,3127.330224,27552.44647,11846.67075,0,3030.593271,200434.3801,794.3427138,4058.454396,7413.689494,21397.49203,0,0
underground,2048,39358.92174,348829.631,11402.14539,3746.918917,7058.198852,20398.20481,2621.958716,0,0,6961.599082,138119.0284,17413.51696,8399.766185,3346.853836,3346.890969,27916.88537,12625.16024,0,3223.955633,208407.1818,1451.21593,4901.970003,7646.167036,22614.87518,0,0
underground,2049,41124.84408,368186.0744,12596.8357,4249.72967,7603.309933,22562.43361,3902.277073,0,0,7640.158384,147457.7777,18087.86958,8844.067338,3678.899543,3550.887358,28259.981,13422.94677,0,3435.719098,216630.5591,2155.03436,5786.700424,7887.335403,23774.21481,0,0
underground,2050,43024.7778,387267.0332,13839.41448,4789.274848,8155.407324,24837.19172,5245.861674,0,0,8338.310609,156359.0578,18763.11359,9306.330564,4022.898132,3732.337423,28592.1845,14219.63045,0,3657.974742,224794.6153,2898.186245,6705.194511,8138.949259,24843.92454,0,0
